0,1,2,3,4,5,6,7,accuracy,macro avg,weighted avg,corruption,acuraciaPorClasse
"{'precision': 1.0, 'recall': 0.998, 'f1-score': 0.998998998998999, 'support': 500.0}","{'precision': 1.0, 'recall': 1.0, 'f1-score': 1.0, 'support': 500.0}","{'precision': 1.0, 'recall': 1.0, 'f1-score': 1.0, 'support': 500.0}","{'precision': 1.0, 'recall': 1.0, 'f1-score': 1.0, 'support': 500.0}","{'precision': 1.0, 'recall': 1.0, 'f1-score': 1.0, 'support': 500.0}","{'precision': 0.998003992015968, 'recall': 1.0, 'f1-score': 0.999000999000999, 'support': 500.0}","{'precision': 1.0, 'recall': 0.998, 'f1-score': 0.998998998998999, 'support': 500.0}","{'precision': 0.998003992015968, 'recall': 1.0, 'f1-score': 0.999000999000999, 'support': 500.0}",0.9995,"{'precision': 0.999500998003992, 'recall': 0.9995, 'f1-score': 0.9994999994999996, 'support': 4000.0}","{'precision': 0.999500998003992, 'recall': 0.9995, 'f1-score': 0.9994999994999995, 'support': 4000.0}",Brightness severity 1,"[0.998, 1.0, 1.0, 1.0, 1.0, 1.0, 0.998, 1.0]"
"{'precision': 0.998, 'recall': 0.998, 'f1-score': 0.998, 'support': 500.0}","{'precision': 1.0, 'recall': 1.0, 'f1-score': 1.0, 'support': 500.0}","{'precision': 1.0, 'recall': 1.0, 'f1-score': 1.0, 'support': 500.0}","{'precision': 1.0, 'recall': 0.998, 'f1-score': 0.998998998998999, 'support': 500.0}","{'precision': 1.0, 'recall': 0.996, 'f1-score': 0.9979959919839679, 'support': 500.0}","{'precision': 0.9920634920634921, 'recall': 1.0, 'f1-score': 0.9960159362549801, 'support': 500.0}","{'precision': 0.9979959919839679, 'recall': 0.996, 'f1-score': 0.996996996996997, 'support': 500.0}","{'precision': 0.996, 'recall': 0.996, 'f1-score': 0.996, 'support': 500.0}",0.998,"{'precision': 0.9980074355059325, 'recall': 0.998, 'f1-score': 0.998000990529368, 'support': 4000.0}","{'precision': 0.9980074355059325, 'recall': 0.998, 'f1-score': 0.998000990529368, 'support': 4000.0}",Brightness severity 2,"[0.998, 1.0, 1.0, 0.998, 0.996, 1.0, 0.996, 0.996]"
"{'precision': 0.9920477137176938, 'recall': 0.998, 'f1-score': 0.9950149551345963, 'support': 500.0}","{'precision': 1.0, 'recall': 1.0, 'f1-score': 1.0, 'support': 500.0}","{'precision': 1.0, 'recall': 1.0, 'f1-score': 1.0, 'support': 500.0}","{'precision': 1.0, 'recall': 0.994, 'f1-score': 0.9969909729187563, 'support': 500.0}","{'precision': 1.0, 'recall': 0.98, 'f1-score': 0.98989898989899, 'support': 500.0}","{'precision': 0.9784735812133072, 'recall': 1.0, 'f1-score': 0.9891196834817013, 'support': 500.0}","{'precision': 0.9940119760479041, 'recall': 0.996, 'f1-score': 0.995004995004995, 'support': 500.0}","{'precision': 0.9959839357429718, 'recall': 0.992, 'f1-score': 0.9939879759519038, 'support': 500.0}",0.995,"{'precision': 0.9950646508402345, 'recall': 0.995, 'f1-score': 0.9950021965488678, 'support': 4000.0}","{'precision': 0.9950646508402347, 'recall': 0.995, 'f1-score': 0.9950021965488678, 'support': 4000.0}",Brightness severity 3,"[0.998, 1.0, 1.0, 0.994, 0.98, 1.0, 0.996, 0.992]"
"{'precision': 0.9671179883945842, 'recall': 1.0, 'f1-score': 0.983284169124877, 'support': 500.0}","{'precision': 0.9960159362549801, 'recall': 1.0, 'f1-score': 0.998003992015968, 'support': 500.0}","{'precision': 1.0, 'recall': 1.0, 'f1-score': 1.0, 'support': 500.0}","{'precision': 1.0, 'recall': 0.994, 'f1-score': 0.9969909729187563, 'support': 500.0}","{'precision': 1.0, 'recall': 0.93, 'f1-score': 0.9637305699481865, 'support': 500.0}","{'precision': 0.9560229445506692, 'recall': 1.0, 'f1-score': 0.9775171065493646, 'support': 500.0}","{'precision': 0.9841269841269841, 'recall': 0.992, 'f1-score': 0.9880478087649402, 'support': 500.0}","{'precision': 0.991869918699187, 'recall': 0.976, 'f1-score': 0.9838709677419355, 'support': 500.0}",0.9865,"{'precision': 0.9868942215033005, 'recall': 0.9864999999999999, 'f1-score': 0.9864306983830036, 'support': 4000.0}","{'precision': 0.9868942215033005, 'recall': 0.9865, 'f1-score': 0.9864306983830036, 'support': 4000.0}",Brightness severity 4,"[1.0, 1.0, 1.0, 0.994, 0.93, 1.0, 0.992, 0.976]"
"{'precision': 0.7473841554559043, 'recall': 1.0, 'f1-score': 0.8554319931565441, 'support': 500.0}","{'precision': 0.9959349593495935, 'recall': 0.98, 'f1-score': 0.9879032258064516, 'support': 500.0}","{'precision': 0.998003992015968, 'recall': 1.0, 'f1-score': 0.999000999000999, 'support': 500.0}","{'precision': 1.0, 'recall': 0.98, 'f1-score': 0.98989898989899, 'support': 500.0}","{'precision': 0.997093023255814, 'recall': 0.686, 'f1-score': 0.8127962085308057, 'support': 500.0}","{'precision': 0.9140767824497258, 'recall': 1.0, 'f1-score': 0.9551098376313276, 'support': 500.0}","{'precision': 0.9410609037328095, 'recall': 0.958, 'f1-score': 0.9494549058473737, 'support': 500.0}","{'precision': 0.9821428571428571, 'recall': 0.88, 'f1-score': 0.9282700421940928, 'support': 500.0}",0.9355,"{'precision': 0.946962084175334, 'recall': 0.9355, 'f1-score': 0.9347332752583231, 'support': 4000.0}","{'precision': 0.946962084175334, 'recall': 0.9355, 'f1-score': 0.9347332752583232, 'support': 4000.0}",Brightness severity 5,"[1.0, 0.98, 1.0, 0.98, 0.686, 1.0, 0.958, 0.88]"
"{'precision': 1.0, 'recall': 0.998, 'f1-score': 0.998998998998999, 'support': 500.0}","{'precision': 1.0, 'recall': 1.0, 'f1-score': 1.0, 'support': 500.0}","{'precision': 1.0, 'recall': 1.0, 'f1-score': 1.0, 'support': 500.0}","{'precision': 1.0, 'recall': 1.0, 'f1-score': 1.0, 'support': 500.0}","{'precision': 1.0, 'recall': 0.992, 'f1-score': 0.9959839357429718, 'support': 500.0}","{'precision': 0.984251968503937, 'recall': 1.0, 'f1-score': 0.9920634920634921, 'support': 500.0}","{'precision': 0.998003992015968, 'recall': 1.0, 'f1-score': 0.999000999000999, 'support': 500.0}","{'precision': 1.0, 'recall': 0.992, 'f1-score': 0.9959839357429718, 'support': 500.0}",0.99775,"{'precision': 0.9977819950649881, 'recall': 0.99775, 'f1-score': 0.9977539201936791, 'support': 4000.0}","{'precision': 0.9977819950649881, 'recall': 0.99775, 'f1-score': 0.9977539201936793, 'support': 4000.0}",Contrast severity 1,"[0.998, 1.0, 1.0, 1.0, 0.992, 1.0, 1.0, 0.992]"
"{'precision': 0.9881188118811881, 'recall': 0.998, 'f1-score': 0.9930348258706467, 'support': 500.0}","{'precision': 1.0, 'recall': 0.998, 'f1-score': 0.998998998998999, 'support': 500.0}","{'precision': 1.0, 'recall': 1.0, 'f1-score': 1.0, 'support': 500.0}","{'precision': 0.998, 'recall': 0.998, 'f1-score': 0.998, 'support': 500.0}","{'precision': 1.0, 'recall': 0.904, 'f1-score': 0.9495798319327731, 'support': 500.0}","{'precision': 0.8488964346349746, 'recall': 1.0, 'f1-score': 0.9182736455463728, 'support': 500.0}","{'precision': 0.9708171206225681, 'recall': 0.998, 'f1-score': 0.9842209072978304, 'support': 500.0}","{'precision': 1.0, 'recall': 0.882, 'f1-score': 0.9373007438894793, 'support': 500.0}",0.97225,"{'precision': 0.9757290458923413, 'recall': 0.97225, 'f1-score': 0.9724261191920127, 'support': 4000.0}","{'precision': 0.9757290458923412, 'recall': 0.97225, 'f1-score': 0.9724261191920127, 'support': 4000.0}",Contrast severity 2,"[0.998, 0.998, 1.0, 0.998, 0.904, 1.0, 0.998, 0.882]"
"{'precision': 0.9289719626168225, 'recall': 0.994, 'f1-score': 0.9603864734299516, 'support': 500.0}","{'precision': 1.0, 'recall': 0.968, 'f1-score': 0.983739837398374, 'support': 500.0}","{'precision': 1.0, 'recall': 1.0, 'f1-score': 1.0, 'support': 500.0}","{'precision': 0.9918367346938776, 'recall': 0.972, 'f1-score': 0.9818181818181818, 'support': 500.0}","{'precision': 0.9847328244274809, 'recall': 0.774, 'f1-score': 0.8667413213885778, 'support': 500.0}","{'precision': 0.7098150782361309, 'recall': 0.998, 'f1-score': 0.829592684954281, 'support': 500.0}","{'precision': 0.912639405204461, 'recall': 0.982, 'f1-score': 0.9460500963391136, 'support': 500.0}","{'precision': 1.0, 'recall': 0.714, 'f1-score': 0.8331388564760793, 'support': 500.0}",0.92525,"{'precision': 0.9409995006473466, 'recall': 0.92525, 'f1-score': 0.9251834314755699, 'support': 4000.0}","{'precision': 0.9409995006473466, 'recall': 0.92525, 'f1-score': 0.9251834314755699, 'support': 4000.0}",Contrast severity 3,"[0.994, 0.968, 1.0, 0.972, 0.774, 0.998, 0.982, 0.714]"
"{'precision': 0.7722929936305732, 'recall': 0.97, 'f1-score': 0.8599290780141844, 'support': 500.0}","{'precision': 1.0, 'recall': 0.786, 'f1-score': 0.8801791713325868, 'support': 500.0}","{'precision': 1.0, 'recall': 1.0, 'f1-score': 1.0, 'support': 500.0}","{'precision': 0.9877149877149877, 'recall': 0.804, 'f1-score': 0.886438809261301, 'support': 500.0}","{'precision': 0.9209621993127147, 'recall': 0.536, 'f1-score': 0.6776232616940582, 'support': 500.0}","{'precision': 0.5263157894736842, 'recall': 1.0, 'f1-score': 0.6896551724137931, 'support': 500.0}","{'precision': 0.8017094017094017, 'recall': 0.938, 'f1-score': 0.864516129032258, 'support': 500.0}","{'precision': 1.0, 'recall': 0.492, 'f1-score': 0.6595174262734584, 'support': 500.0}",0.81575,"{'precision': 0.8761244214801702, 'recall': 0.81575, 'f1-score': 0.8147323810027051, 'support': 4000.0}","{'precision': 0.8761244214801702, 'recall': 0.81575, 'f1-score': 0.814732381002705, 'support': 4000.0}",Contrast severity 4,"[0.97, 0.786, 1.0, 0.804, 0.536, 1.0, 0.938, 0.492]"
"{'precision': 0.6058252427184466, 'recall': 0.624, 'f1-score': 0.6147783251231527, 'support': 500.0}","{'precision': 0.9393939393939394, 'recall': 0.186, 'f1-score': 0.3105175292153589, 'support': 500.0}","{'precision': 1.0, 'recall': 0.98, 'f1-score': 0.98989898989899, 'support': 500.0}","{'precision': 0.8970588235294118, 'recall': 0.122, 'f1-score': 0.2147887323943662, 'support': 500.0}","{'precision': 0.4888888888888889, 'recall': 0.044, 'f1-score': 0.08073394495412844, 'support': 500.0}","{'precision': 0.22065313327449249, 'recall': 1.0, 'f1-score': 0.3615328994938539, 'support': 500.0}","{'precision': 0.5765765765765766, 'recall': 0.512, 'f1-score': 0.5423728813559322, 'support': 500.0}","{'precision': 0.9863013698630136, 'recall': 0.144, 'f1-score': 0.2513089005235602, 'support': 500.0}",0.4515,"{'precision': 0.7143372467805962, 'recall': 0.4515, 'f1-score': 0.4207415253699178, 'support': 4000.0}","{'precision': 0.7143372467805962, 'recall': 0.4515, 'f1-score': 0.42074152536991777, 'support': 4000.0}",Contrast severity 5,"[0.624, 0.186, 0.98, 0.122, 0.044, 1.0, 0.512, 0.144]"
"{'precision': 1.0, 'recall': 0.998, 'f1-score': 0.998998998998999, 'support': 500.0}","{'precision': 1.0, 'recall': 1.0, 'f1-score': 1.0, 'support': 500.0}","{'precision': 1.0, 'recall': 1.0, 'f1-score': 1.0, 'support': 500.0}","{'precision': 1.0, 'recall': 1.0, 'f1-score': 1.0, 'support': 500.0}","{'precision': 1.0, 'recall': 1.0, 'f1-score': 1.0, 'support': 500.0}","{'precision': 0.998003992015968, 'recall': 1.0, 'f1-score': 0.999000999000999, 'support': 500.0}","{'precision': 1.0, 'recall': 1.0, 'f1-score': 1.0, 'support': 500.0}","{'precision': 1.0, 'recall': 1.0, 'f1-score': 1.0, 'support': 500.0}",0.99975,"{'precision': 0.999750499001996, 'recall': 0.99975, 'f1-score': 0.9997499997499997, 'support': 4000.0}","{'precision': 0.999750499001996, 'recall': 0.99975, 'f1-score': 0.9997499997499997, 'support': 4000.0}",Defocus Blur severity 1,"[0.998, 1.0, 1.0, 1.0, 1.0, 1.0, 1.0, 1.0]"
"{'precision': 1.0, 'recall': 0.998, 'f1-score': 0.998998998998999, 'support': 500.0}","{'precision': 1.0, 'recall': 1.0, 'f1-score': 1.0, 'support': 500.0}","{'precision': 1.0, 'recall': 1.0, 'f1-score': 1.0, 'support': 500.0}","{'precision': 1.0, 'recall': 1.0, 'f1-score': 1.0, 'support': 500.0}","{'precision': 1.0, 'recall': 1.0, 'f1-score': 1.0, 'support': 500.0}","{'precision': 0.998003992015968, 'recall': 1.0, 'f1-score': 0.999000999000999, 'support': 500.0}","{'precision': 1.0, 'recall': 1.0, 'f1-score': 1.0, 'support': 500.0}","{'precision': 1.0, 'recall': 1.0, 'f1-score': 1.0, 'support': 500.0}",0.99975,"{'precision': 0.999750499001996, 'recall': 0.99975, 'f1-score': 0.9997499997499997, 'support': 4000.0}","{'precision': 0.999750499001996, 'recall': 0.99975, 'f1-score': 0.9997499997499997, 'support': 4000.0}",Defocus Blur severity 2,"[0.998, 1.0, 1.0, 1.0, 1.0, 1.0, 1.0, 1.0]"
"{'precision': 1.0, 'recall': 0.998, 'f1-score': 0.998998998998999, 'support': 500.0}","{'precision': 1.0, 'recall': 1.0, 'f1-score': 1.0, 'support': 500.0}","{'precision': 1.0, 'recall': 1.0, 'f1-score': 1.0, 'support': 500.0}","{'precision': 1.0, 'recall': 1.0, 'f1-score': 1.0, 'support': 500.0}","{'precision': 1.0, 'recall': 0.998, 'f1-score': 0.998998998998999, 'support': 500.0}","{'precision': 0.9960159362549801, 'recall': 1.0, 'f1-score': 0.998003992015968, 'support': 500.0}","{'precision': 0.998, 'recall': 0.998, 'f1-score': 0.998, 'support': 500.0}","{'precision': 0.998, 'recall': 0.998, 'f1-score': 0.998, 'support': 500.0}",0.999,"{'precision': 0.9990019920318725, 'recall': 0.999, 'f1-score': 0.9990002487517458, 'support': 4000.0}","{'precision': 0.9990019920318726, 'recall': 0.999, 'f1-score': 0.9990002487517458, 'support': 4000.0}",Defocus Blur severity 3,"[0.998, 1.0, 1.0, 1.0, 0.998, 1.0, 0.998, 0.998]"
"{'precision': 1.0, 'recall': 0.998, 'f1-score': 0.998998998998999, 'support': 500.0}","{'precision': 1.0, 'recall': 1.0, 'f1-score': 1.0, 'support': 500.0}","{'precision': 1.0, 'recall': 1.0, 'f1-score': 1.0, 'support': 500.0}","{'precision': 1.0, 'recall': 1.0, 'f1-score': 1.0, 'support': 500.0}","{'precision': 1.0, 'recall': 1.0, 'f1-score': 1.0, 'support': 500.0}","{'precision': 0.998003992015968, 'recall': 1.0, 'f1-score': 0.999000999000999, 'support': 500.0}","{'precision': 0.998, 'recall': 0.998, 'f1-score': 0.998, 'support': 500.0}","{'precision': 0.998, 'recall': 0.998, 'f1-score': 0.998, 'support': 500.0}",0.99925,"{'precision': 0.999250499001996, 'recall': 0.99925, 'f1-score': 0.9992499997499997, 'support': 4000.0}","{'precision': 0.999250499001996, 'recall': 0.99925, 'f1-score': 0.9992499997499997, 'support': 4000.0}",Defocus Blur severity 4,"[0.998, 1.0, 1.0, 1.0, 1.0, 1.0, 0.998, 0.998]"
"{'precision': 1.0, 'recall': 0.998, 'f1-score': 0.998998998998999, 'support': 500.0}","{'precision': 1.0, 'recall': 1.0, 'f1-score': 1.0, 'support': 500.0}","{'precision': 1.0, 'recall': 1.0, 'f1-score': 1.0, 'support': 500.0}","{'precision': 1.0, 'recall': 1.0, 'f1-score': 1.0, 'support': 500.0}","{'precision': 1.0, 'recall': 0.996, 'f1-score': 0.9979959919839679, 'support': 500.0}","{'precision': 0.9940357852882704, 'recall': 1.0, 'f1-score': 0.9970089730807578, 'support': 500.0}","{'precision': 0.998, 'recall': 0.998, 'f1-score': 0.998, 'support': 500.0}","{'precision': 0.998, 'recall': 0.998, 'f1-score': 0.998, 'support': 500.0}",0.99875,"{'precision': 0.9987544731610338, 'recall': 0.99875, 'f1-score': 0.9987504955079656, 'support': 4000.0}","{'precision': 0.9987544731610337, 'recall': 0.99875, 'f1-score': 0.9987504955079656, 'support': 4000.0}",Defocus Blur severity 5,"[0.998, 1.0, 1.0, 1.0, 0.996, 1.0, 0.998, 0.998]"
"{'precision': 1.0, 'recall': 0.998, 'f1-score': 0.998998998998999, 'support': 500.0}","{'precision': 1.0, 'recall': 1.0, 'f1-score': 1.0, 'support': 500.0}","{'precision': 1.0, 'recall': 1.0, 'f1-score': 1.0, 'support': 500.0}","{'precision': 1.0, 'recall': 1.0, 'f1-score': 1.0, 'support': 500.0}","{'precision': 1.0, 'recall': 0.996, 'f1-score': 0.9979959919839679, 'support': 500.0}","{'precision': 0.9920634920634921, 'recall': 1.0, 'f1-score': 0.9960159362549801, 'support': 500.0}","{'precision': 1.0, 'recall': 1.0, 'f1-score': 1.0, 'support': 500.0}","{'precision': 1.0, 'recall': 0.998, 'f1-score': 0.998998998998999, 'support': 500.0}",0.999,"{'precision': 0.9990079365079365, 'recall': 0.999, 'f1-score': 0.9990012407796183, 'support': 4000.0}","{'precision': 0.9990079365079365, 'recall': 0.999, 'f1-score': 0.9990012407796183, 'support': 4000.0}",Elastic severity 1,"[0.998, 1.0, 1.0, 1.0, 0.996, 1.0, 1.0, 0.998]"
"{'precision': 1.0, 'recall': 0.998, 'f1-score': 0.998998998998999, 'support': 500.0}","{'precision': 1.0, 'recall': 1.0, 'f1-score': 1.0, 'support': 500.0}","{'precision': 1.0, 'recall': 1.0, 'f1-score': 1.0, 'support': 500.0}","{'precision': 1.0, 'recall': 1.0, 'f1-score': 1.0, 'support': 500.0}","{'precision': 1.0, 'recall': 1.0, 'f1-score': 1.0, 'support': 500.0}","{'precision': 0.998003992015968, 'recall': 1.0, 'f1-score': 0.999000999000999, 'support': 500.0}","{'precision': 1.0, 'recall': 0.998, 'f1-score': 0.998998998998999, 'support': 500.0}","{'precision': 0.998003992015968, 'recall': 1.0, 'f1-score': 0.999000999000999, 'support': 500.0}",0.9995,"{'precision': 0.999500998003992, 'recall': 0.9995, 'f1-score': 0.9994999994999996, 'support': 4000.0}","{'precision': 0.999500998003992, 'recall': 0.9995, 'f1-score': 0.9994999994999995, 'support': 4000.0}",Elastic severity 2,"[0.998, 1.0, 1.0, 1.0, 1.0, 1.0, 0.998, 1.0]"
"{'precision': 1.0, 'recall': 0.998, 'f1-score': 0.998998998998999, 'support': 500.0}","{'precision': 1.0, 'recall': 1.0, 'f1-score': 1.0, 'support': 500.0}","{'precision': 1.0, 'recall': 1.0, 'f1-score': 1.0, 'support': 500.0}","{'precision': 1.0, 'recall': 1.0, 'f1-score': 1.0, 'support': 500.0}","{'precision': 1.0, 'recall': 0.996, 'f1-score': 0.9979959919839679, 'support': 500.0}","{'precision': 0.9940357852882704, 'recall': 1.0, 'f1-score': 0.9970089730807578, 'support': 500.0}","{'precision': 1.0, 'recall': 0.998, 'f1-score': 0.998998998998999, 'support': 500.0}","{'precision': 0.998003992015968, 'recall': 1.0, 'f1-score': 0.999000999000999, 'support': 500.0}",0.999,"{'precision': 0.9990049721630299, 'recall': 0.999, 'f1-score': 0.9990004952579654, 'support': 4000.0}","{'precision': 0.9990049721630299, 'recall': 0.999, 'f1-score': 0.9990004952579653, 'support': 4000.0}",Elastic severity 3,"[0.998, 1.0, 1.0, 1.0, 0.996, 1.0, 0.998, 1.0]"
"{'precision': 0.9940119760479041, 'recall': 0.996, 'f1-score': 0.995004995004995, 'support': 500.0}","{'precision': 0.9960159362549801, 'recall': 1.0, 'f1-score': 0.998003992015968, 'support': 500.0}","{'precision': 1.0, 'recall': 0.996, 'f1-score': 0.9979959919839679, 'support': 500.0}","{'precision': 1.0, 'recall': 1.0, 'f1-score': 1.0, 'support': 500.0}","{'precision': 0.996, 'recall': 0.996, 'f1-score': 0.996, 'support': 500.0}","{'precision': 0.9940239043824701, 'recall': 0.998, 'f1-score': 0.9960079840319361, 'support': 500.0}","{'precision': 0.998, 'recall': 0.998, 'f1-score': 0.998, 'support': 500.0}","{'precision': 0.9979879275653923, 'recall': 0.992, 'f1-score': 0.9949849548645938, 'support': 500.0}",0.997,"{'precision': 0.9970049680313433, 'recall': 0.997, 'f1-score': 0.9969997397376826, 'support': 4000.0}","{'precision': 0.9970049680313433, 'recall': 0.997, 'f1-score': 0.9969997397376826, 'support': 4000.0}",Elastic severity 4,"[0.996, 1.0, 0.996, 1.0, 0.996, 0.998, 0.998, 0.992]"
"{'precision': 0.9959266802443992, 'recall': 0.978, 'f1-score': 0.9868819374369324, 'support': 500.0}","{'precision': 0.9416195856873822, 'recall': 1.0, 'f1-score': 0.9699321047526673, 'support': 500.0}","{'precision': 1.0, 'recall': 0.98, 'f1-score': 0.98989898989899, 'support': 500.0}","{'precision': 1.0, 'recall': 1.0, 'f1-score': 1.0, 'support': 500.0}","{'precision': 0.9877551020408163, 'recall': 0.968, 'f1-score': 0.9777777777777777, 'support': 500.0}","{'precision': 0.980276134122288, 'recall': 0.994, 'f1-score': 0.9870903674280039, 'support': 500.0}","{'precision': 0.9940119760479041, 'recall': 0.996, 'f1-score': 0.995004995004995, 'support': 500.0}","{'precision': 0.9938775510204082, 'recall': 0.974, 'f1-score': 0.9838383838383838, 'support': 500.0}",0.98625,"{'precision': 0.9866833786453998, 'recall': 0.9862500000000001, 'f1-score': 0.9863030695172188, 'support': 4000.0}","{'precision': 0.9866833786453997, 'recall': 0.98625, 'f1-score': 0.9863030695172188, 'support': 4000.0}",Elastic severity 5,"[0.978, 1.0, 0.98, 1.0, 0.968, 0.994, 0.996, 0.974]"
"{'precision': 1.0, 'recall': 0.998, 'f1-score': 0.998998998998999, 'support': 500.0}","{'precision': 1.0, 'recall': 1.0, 'f1-score': 1.0, 'support': 500.0}","{'precision': 1.0, 'recall': 1.0, 'f1-score': 1.0, 'support': 500.0}","{'precision': 1.0, 'recall': 1.0, 'f1-score': 1.0, 'support': 500.0}","{'precision': 1.0, 'recall': 0.988, 'f1-score': 0.993963782696177, 'support': 500.0}","{'precision': 0.984251968503937, 'recall': 1.0, 'f1-score': 0.9920634920634921, 'support': 500.0}","{'precision': 1.0, 'recall': 1.0, 'f1-score': 1.0, 'support': 500.0}","{'precision': 1.0, 'recall': 0.998, 'f1-score': 0.998998998998999, 'support': 500.0}",0.998,"{'precision': 0.9980314960629921, 'recall': 0.998, 'f1-score': 0.9980031590947084, 'support': 4000.0}","{'precision': 0.9980314960629921, 'recall': 0.998, 'f1-score': 0.9980031590947084, 'support': 4000.0}",Fog severity 1,"[0.998, 1.0, 1.0, 1.0, 0.988, 1.0, 1.0, 0.998]"
"{'precision': 0.9979959919839679, 'recall': 0.996, 'f1-score': 0.996996996996997, 'support': 500.0}","{'precision': 1.0, 'recall': 0.996, 'f1-score': 0.9979959919839679, 'support': 500.0}","{'precision': 1.0, 'recall': 1.0, 'f1-score': 1.0, 'support': 500.0}","{'precision': 0.9960159362549801, 'recall': 1.0, 'f1-score': 0.998003992015968, 'support': 500.0}","{'precision': 1.0, 'recall': 0.946, 'f1-score': 0.9722507708119219, 'support': 500.0}","{'precision': 0.9191176470588235, 'recall': 1.0, 'f1-score': 0.9578544061302682, 'support': 500.0}","{'precision': 0.9652509652509652, 'recall': 1.0, 'f1-score': 0.9823182711198428, 'support': 500.0}","{'precision': 0.9978540772532188, 'recall': 0.93, 'f1-score': 0.9627329192546584, 'support': 500.0}",0.9835,"{'precision': 0.9845293272252444, 'recall': 0.9835, 'f1-score': 0.9835191685392031, 'support': 4000.0}","{'precision': 0.9845293272252444, 'recall': 0.9835, 'f1-score': 0.9835191685392031, 'support': 4000.0}",Fog severity 2,"[0.996, 0.996, 1.0, 1.0, 0.946, 1.0, 1.0, 0.93]"
"{'precision': 0.9783037475345168, 'recall': 0.992, 'f1-score': 0.9851042701092354, 'support': 500.0}","{'precision': 1.0, 'recall': 0.984, 'f1-score': 0.9919354838709677, 'support': 500.0}","{'precision': 1.0, 'recall': 1.0, 'f1-score': 1.0, 'support': 500.0}","{'precision': 0.9940357852882704, 'recall': 1.0, 'f1-score': 0.9970089730807578, 'support': 500.0}","{'precision': 1.0, 'recall': 0.854, 'f1-score': 0.9212513484358145, 'support': 500.0}","{'precision': 0.8077544426494345, 'recall': 1.0, 'f1-score': 0.8936550491510277, 'support': 500.0}","{'precision': 0.8417508417508418, 'recall': 1.0, 'f1-score': 0.9140767824497258, 'support': 500.0}","{'precision': 1.0, 'recall': 0.716, 'f1-score': 0.8344988344988346, 'support': 500.0}",0.94325,"{'precision': 0.952730602152883, 'recall': 0.94325, 'f1-score': 0.9421913426995454, 'support': 4000.0}","{'precision': 0.952730602152883, 'recall': 0.94325, 'f1-score': 0.9421913426995454, 'support': 4000.0}",Fog severity 3,"[0.992, 0.984, 1.0, 1.0, 0.854, 1.0, 1.0, 0.716]"
"{'precision': 0.8521739130434782, 'recall': 0.98, 'f1-score': 0.9116279069767442, 'support': 500.0}","{'precision': 1.0, 'recall': 0.926, 'f1-score': 0.9615784008307373, 'support': 500.0}","{'precision': 1.0, 'recall': 1.0, 'f1-score': 1.0, 'support': 500.0}","{'precision': 0.988, 'recall': 0.988, 'f1-score': 0.988, 'support': 500.0}","{'precision': 0.99375, 'recall': 0.636, 'f1-score': 0.775609756097561, 'support': 500.0}","{'precision': 0.7173601147776184, 'recall': 1.0, 'f1-score': 0.835421888053467, 'support': 500.0}","{'precision': 0.7062146892655368, 'recall': 1.0, 'f1-score': 0.8278145695364238, 'support': 500.0}","{'precision': 0.9957805907172996, 'recall': 0.472, 'f1-score': 0.6404341926729986, 'support': 500.0}",0.87525,"{'precision': 0.9066599134754916, 'recall': 0.8752500000000001, 'f1-score': 0.8675608392709915, 'support': 4000.0}","{'precision': 0.9066599134754917, 'recall': 0.87525, 'f1-score': 0.8675608392709916, 'support': 4000.0}",Fog severity 4,"[0.98, 0.926, 1.0, 0.988, 0.636, 1.0, 1.0, 0.472]"
"{'precision': 0.690677966101695, 'recall': 0.978, 'f1-score': 0.8096026490066225, 'support': 500.0}","{'precision': 0.9863760217983651, 'recall': 0.724, 'f1-score': 0.8350634371395617, 'support': 500.0}","{'precision': 0.9920634920634921, 'recall': 1.0, 'f1-score': 0.9960159362549801, 'support': 500.0}","{'precision': 0.9786324786324786, 'recall': 0.916, 'f1-score': 0.9462809917355371, 'support': 500.0}","{'precision': 0.98989898989899, 'recall': 0.196, 'f1-score': 0.327212020033389, 'support': 500.0}","{'precision': 0.5380434782608695, 'recall': 0.99, 'f1-score': 0.6971830985915493, 'support': 500.0}","{'precision': 0.5822637106184364, 'recall': 0.998, 'f1-score': 0.735445836403832, 'support': 500.0}","{'precision': 0.974025974025974, 'recall': 0.15, 'f1-score': 0.25996533795493937, 'support': 500.0}",0.744,"{'precision': 0.8414977639250376, 'recall': 0.744, 'f1-score': 0.7008461633900513, 'support': 4000.0}","{'precision': 0.8414977639250376, 'recall': 0.744, 'f1-score': 0.7008461633900513, 'support': 4000.0}",Fog severity 5,"[0.978, 0.724, 1.0, 0.916, 0.196, 0.99, 0.998, 0.15]"
"{'precision': 0.9727095516569201, 'recall': 0.998, 'f1-score': 0.9851924975320829, 'support': 500.0}","{'precision': 0.8012820512820513, 'recall': 1.0, 'f1-score': 0.8896797153024911, 'support': 500.0}","{'precision': 1.0, 'recall': 1.0, 'f1-score': 1.0, 'support': 500.0}","{'precision': 1.0, 'recall': 1.0, 'f1-score': 1.0, 'support': 500.0}","{'precision': 1.0, 'recall': 0.632, 'f1-score': 0.7745098039215687, 'support': 500.0}","{'precision': 0.9309701492537313, 'recall': 0.998, 'f1-score': 0.9633204633204633, 'support': 500.0}","{'precision': 0.9920634920634921, 'recall': 1.0, 'f1-score': 0.9960159362549801, 'support': 500.0}","{'precision': 0.9783037475345168, 'recall': 0.992, 'f1-score': 0.9851042701092354, 'support': 500.0}",0.9525,"{'precision': 0.959416123973839, 'recall': 0.9525, 'f1-score': 0.9492278358051026, 'support': 4000.0}","{'precision': 0.9594161239738389, 'recall': 0.9525, 'f1-score': 0.9492278358051026, 'support': 4000.0}",Frost severity 1,"[0.998, 1.0, 1.0, 1.0, 0.632, 0.998, 1.0, 0.992]"
"{'precision': 0.943289224952741, 'recall': 0.998, 'f1-score': 0.9698736637512148, 'support': 500.0}","{'precision': 0.8022508038585209, 'recall': 0.998, 'f1-score': 0.8894830659536542, 'support': 500.0}","{'precision': 1.0, 'recall': 1.0, 'f1-score': 1.0, 'support': 500.0}","{'precision': 1.0, 'recall': 1.0, 'f1-score': 1.0, 'support': 500.0}","{'precision': 0.9965870307167235, 'recall': 0.584, 'f1-score': 0.7364438839848676, 'support': 500.0}","{'precision': 0.922365988909427, 'recall': 0.998, 'f1-score': 0.9586935638808838, 'support': 500.0}","{'precision': 0.9521072796934866, 'recall': 0.994, 'f1-score': 0.9726027397260274, 'support': 500.0}","{'precision': 0.9634888438133874, 'recall': 0.95, 'f1-score': 0.9566968781470292, 'support': 500.0}",0.94025,"{'precision': 0.9475111464930358, 'recall': 0.94025, 'f1-score': 0.9354742244304597, 'support': 4000.0}","{'precision': 0.9475111464930358, 'recall': 0.94025, 'f1-score': 0.9354742244304596, 'support': 4000.0}",Frost severity 2,"[0.998, 0.998, 1.0, 1.0, 0.584, 0.998, 0.994, 0.95]"
"{'precision': 0.9256505576208178, 'recall': 0.996, 'f1-score': 0.9595375722543352, 'support': 500.0}","{'precision': 0.7225433526011561, 'recall': 1.0, 'f1-score': 0.8389261744966443, 'support': 500.0}","{'precision': 1.0, 'recall': 1.0, 'f1-score': 1.0, 'support': 500.0}","{'precision': 1.0, 'recall': 0.996, 'f1-score': 0.9979959919839679, 'support': 500.0}","{'precision': 1.0, 'recall': 0.408, 'f1-score': 0.5795454545454546, 'support': 500.0}","{'precision': 0.9102803738317757, 'recall': 0.974, 'f1-score': 0.9410628019323671, 'support': 500.0}","{'precision': 0.9089253187613844, 'recall': 0.998, 'f1-score': 0.9513822688274547, 'support': 500.0}","{'precision': 0.9338842975206612, 'recall': 0.904, 'f1-score': 0.9186991869918699, 'support': 500.0}",0.9095,"{'precision': 0.9251604875419743, 'recall': 0.9095, 'f1-score': 0.8983936813790118, 'support': 4000.0}","{'precision': 0.9251604875419743, 'recall': 0.9095, 'f1-score': 0.8983936813790117, 'support': 4000.0}",Frost severity 3,"[0.996, 1.0, 1.0, 0.996, 0.408, 0.974, 0.998, 0.904]"
"{'precision': 0.9100917431192661, 'recall': 0.992, 'f1-score': 0.9492822966507177, 'support': 500.0}","{'precision': 0.6648936170212766, 'recall': 1.0, 'f1-score': 0.7987220447284346, 'support': 500.0}","{'precision': 1.0, 'recall': 1.0, 'f1-score': 1.0, 'support': 500.0}","{'precision': 0.998, 'recall': 0.998, 'f1-score': 0.998, 'support': 500.0}","{'precision': 1.0, 'recall': 0.288, 'f1-score': 0.4472049689440994, 'support': 500.0}","{'precision': 0.9238095238095239, 'recall': 0.97, 'f1-score': 0.9463414634146341, 'support': 500.0}","{'precision': 0.9343339587242027, 'recall': 0.996, 'f1-score': 0.9641819941916747, 'support': 500.0}","{'precision': 0.9321357285429142, 'recall': 0.934, 'f1-score': 0.9330669330669331, 'support': 500.0}",0.89725,"{'precision': 0.9204080714021479, 'recall': 0.8972500000000001, 'f1-score': 0.8795999626245617, 'support': 4000.0}","{'precision': 0.920408071402148, 'recall': 0.89725, 'f1-score': 0.8795999626245616, 'support': 4000.0}",Frost severity 4,"[0.992, 1.0, 1.0, 0.998, 0.288, 0.97, 0.996, 0.934]"
"{'precision': 0.8809946714031972, 'recall': 0.992, 'f1-score': 0.9332079021636877, 'support': 500.0}","{'precision': 0.6348600508905853, 'recall': 0.998, 'f1-score': 0.776049766718507, 'support': 500.0}","{'precision': 1.0, 'recall': 1.0, 'f1-score': 1.0, 'support': 500.0}","{'precision': 1.0, 'recall': 0.994, 'f1-score': 0.9969909729187563, 'support': 500.0}","{'precision': 1.0, 'recall': 0.212, 'f1-score': 0.34983498349834985, 'support': 500.0}","{'precision': 0.94824016563147, 'recall': 0.916, 'f1-score': 0.9318413021363174, 'support': 500.0}","{'precision': 0.9271028037383178, 'recall': 0.992, 'f1-score': 0.9584541062801932, 'support': 500.0}","{'precision': 0.8867924528301887, 'recall': 0.94, 'f1-score': 0.912621359223301, 'support': 500.0}",0.8805,"{'precision': 0.9097487680617199, 'recall': 0.8805000000000001, 'f1-score': 0.857375049117389, 'support': 4000.0}","{'precision': 0.9097487680617198, 'recall': 0.8805, 'f1-score': 0.857375049117389, 'support': 4000.0}",Frost severity 5,"[0.992, 0.998, 1.0, 0.994, 0.212, 0.916, 0.992, 0.94]"
"{'precision': 1.0, 'recall': 0.998, 'f1-score': 0.998998998998999, 'support': 500.0}","{'precision': 1.0, 'recall': 1.0, 'f1-score': 1.0, 'support': 500.0}","{'precision': 1.0, 'recall': 1.0, 'f1-score': 1.0, 'support': 500.0}","{'precision': 1.0, 'recall': 1.0, 'f1-score': 1.0, 'support': 500.0}","{'precision': 1.0, 'recall': 1.0, 'f1-score': 1.0, 'support': 500.0}","{'precision': 0.998003992015968, 'recall': 1.0, 'f1-score': 0.999000999000999, 'support': 500.0}","{'precision': 1.0, 'recall': 0.998, 'f1-score': 0.998998998998999, 'support': 500.0}","{'precision': 0.998003992015968, 'recall': 1.0, 'f1-score': 0.999000999000999, 'support': 500.0}",0.9995,"{'precision': 0.999500998003992, 'recall': 0.9995, 'f1-score': 0.9994999994999996, 'support': 4000.0}","{'precision': 0.999500998003992, 'recall': 0.9995, 'f1-score': 0.9994999994999995, 'support': 4000.0}",Gaussian Blur severity 1,"[0.998, 1.0, 1.0, 1.0, 1.0, 1.0, 0.998, 1.0]"
"{'precision': 1.0, 'recall': 0.998, 'f1-score': 0.998998998998999, 'support': 500.0}","{'precision': 1.0, 'recall': 1.0, 'f1-score': 1.0, 'support': 500.0}","{'precision': 1.0, 'recall': 1.0, 'f1-score': 1.0, 'support': 500.0}","{'precision': 1.0, 'recall': 1.0, 'f1-score': 1.0, 'support': 500.0}","{'precision': 1.0, 'recall': 0.996, 'f1-score': 0.9979959919839679, 'support': 500.0}","{'precision': 0.9940357852882704, 'recall': 1.0, 'f1-score': 0.9970089730807578, 'support': 500.0}","{'precision': 1.0, 'recall': 0.998, 'f1-score': 0.998998998998999, 'support': 500.0}","{'precision': 0.998003992015968, 'recall': 1.0, 'f1-score': 0.999000999000999, 'support': 500.0}",0.999,"{'precision': 0.9990049721630299, 'recall': 0.999, 'f1-score': 0.9990004952579654, 'support': 4000.0}","{'precision': 0.9990049721630299, 'recall': 0.999, 'f1-score': 0.9990004952579653, 'support': 4000.0}",Gaussian Blur severity 2,"[0.998, 1.0, 1.0, 1.0, 0.996, 1.0, 0.998, 1.0]"
"{'precision': 1.0, 'recall': 0.998, 'f1-score': 0.998998998998999, 'support': 500.0}","{'precision': 1.0, 'recall': 1.0, 'f1-score': 1.0, 'support': 500.0}","{'precision': 1.0, 'recall': 1.0, 'f1-score': 1.0, 'support': 500.0}","{'precision': 1.0, 'recall': 1.0, 'f1-score': 1.0, 'support': 500.0}","{'precision': 1.0, 'recall': 0.996, 'f1-score': 0.9979959919839679, 'support': 500.0}","{'precision': 0.9940357852882704, 'recall': 1.0, 'f1-score': 0.9970089730807578, 'support': 500.0}","{'precision': 0.998, 'recall': 0.998, 'f1-score': 0.998, 'support': 500.0}","{'precision': 0.998, 'recall': 0.998, 'f1-score': 0.998, 'support': 500.0}",0.99875,"{'precision': 0.9987544731610338, 'recall': 0.99875, 'f1-score': 0.9987504955079656, 'support': 4000.0}","{'precision': 0.9987544731610337, 'recall': 0.99875, 'f1-score': 0.9987504955079656, 'support': 4000.0}",Gaussian Blur severity 3,"[0.998, 1.0, 1.0, 1.0, 0.996, 1.0, 0.998, 0.998]"
"{'precision': 1.0, 'recall': 0.998, 'f1-score': 0.998998998998999, 'support': 500.0}","{'precision': 1.0, 'recall': 1.0, 'f1-score': 1.0, 'support': 500.0}","{'precision': 1.0, 'recall': 1.0, 'f1-score': 1.0, 'support': 500.0}","{'precision': 1.0, 'recall': 1.0, 'f1-score': 1.0, 'support': 500.0}","{'precision': 1.0, 'recall': 0.996, 'f1-score': 0.9979959919839679, 'support': 500.0}","{'precision': 0.9940357852882704, 'recall': 1.0, 'f1-score': 0.9970089730807578, 'support': 500.0}","{'precision': 0.998, 'recall': 0.998, 'f1-score': 0.998, 'support': 500.0}","{'precision': 0.998, 'recall': 0.998, 'f1-score': 0.998, 'support': 500.0}",0.99875,"{'precision': 0.9987544731610338, 'recall': 0.99875, 'f1-score': 0.9987504955079656, 'support': 4000.0}","{'precision': 0.9987544731610337, 'recall': 0.99875, 'f1-score': 0.9987504955079656, 'support': 4000.0}",Gaussian Blur severity 4,"[0.998, 1.0, 1.0, 1.0, 0.996, 1.0, 0.998, 0.998]"
"{'precision': 1.0, 'recall': 0.998, 'f1-score': 0.998998998998999, 'support': 500.0}","{'precision': 1.0, 'recall': 1.0, 'f1-score': 1.0, 'support': 500.0}","{'precision': 1.0, 'recall': 1.0, 'f1-score': 1.0, 'support': 500.0}","{'precision': 1.0, 'recall': 1.0, 'f1-score': 1.0, 'support': 500.0}","{'precision': 1.0, 'recall': 0.994, 'f1-score': 0.9969909729187563, 'support': 500.0}","{'precision': 0.9920634920634921, 'recall': 1.0, 'f1-score': 0.9960159362549801, 'support': 500.0}","{'precision': 0.998003992015968, 'recall': 1.0, 'f1-score': 0.999000999000999, 'support': 500.0}","{'precision': 1.0, 'recall': 0.998, 'f1-score': 0.998998998998999, 'support': 500.0}",0.99875,"{'precision': 0.9987584355099325, 'recall': 0.99875, 'f1-score': 0.9987507382715917, 'support': 4000.0}","{'precision': 0.9987584355099325, 'recall': 0.99875, 'f1-score': 0.9987507382715917, 'support': 4000.0}",Gaussian Blur severity 5,"[0.998, 1.0, 1.0, 1.0, 0.994, 1.0, 1.0, 0.998]"
"{'precision': 0.9821428571428571, 'recall': 0.99, 'f1-score': 0.9860557768924303, 'support': 500.0}","{'precision': 1.0, 'recall': 0.996, 'f1-score': 0.9979959919839679, 'support': 500.0}","{'precision': 0.998003992015968, 'recall': 1.0, 'f1-score': 0.999000999000999, 'support': 500.0}","{'precision': 0.9940357852882704, 'recall': 1.0, 'f1-score': 0.9970089730807578, 'support': 500.0}","{'precision': 0.9838383838383838, 'recall': 0.974, 'f1-score': 0.978894472361809, 'support': 500.0}","{'precision': 0.9919839679358717, 'recall': 0.99, 'f1-score': 0.990990990990991, 'support': 500.0}","{'precision': 0.9920159680638723, 'recall': 0.994, 'f1-score': 0.993006993006993, 'support': 500.0}","{'precision': 0.9919839679358717, 'recall': 0.99, 'f1-score': 0.990990990990991, 'support': 500.0}",0.99175,"{'precision': 0.9917506152776369, 'recall': 0.9917499999999999, 'f1-score': 0.9917431485386174, 'support': 4000.0}","{'precision': 0.991750615277637, 'recall': 0.99175, 'f1-score': 0.9917431485386173, 'support': 4000.0}",Gaussian Noise severity 1,"[0.99, 0.996, 1.0, 1.0, 0.974, 0.99, 0.994, 0.99]"
"{'precision': 0.9683794466403162, 'recall': 0.98, 'f1-score': 0.974155069582505, 'support': 500.0}","{'precision': 0.9876543209876543, 'recall': 0.96, 'f1-score': 0.973630831643002, 'support': 500.0}","{'precision': 1.0, 'recall': 1.0, 'f1-score': 1.0, 'support': 500.0}","{'precision': 0.9765625, 'recall': 1.0, 'f1-score': 0.9881422924901185, 'support': 500.0}","{'precision': 0.9424307036247335, 'recall': 0.884, 'f1-score': 0.9122807017543859, 'support': 500.0}","{'precision': 0.9603960396039604, 'recall': 0.97, 'f1-score': 0.9651741293532339, 'support': 500.0}","{'precision': 0.9595375722543352, 'recall': 0.996, 'f1-score': 0.9774288518155054, 'support': 500.0}","{'precision': 0.9681908548707754, 'recall': 0.974, 'f1-score': 0.9710867397806581, 'support': 500.0}",0.9705,"{'precision': 0.9703939297477219, 'recall': 0.9704999999999999, 'f1-score': 0.970237327052426, 'support': 4000.0}","{'precision': 0.9703939297477218, 'recall': 0.9705, 'f1-score': 0.970237327052426, 'support': 4000.0}",Gaussian Noise severity 2,"[0.98, 0.96, 1.0, 1.0, 0.884, 0.97, 0.996, 0.974]"
"{'precision': 0.9674134419551935, 'recall': 0.95, 'f1-score': 0.958627648839556, 'support': 500.0}","{'precision': 0.9534412955465587, 'recall': 0.942, 'f1-score': 0.9476861167002012, 'support': 500.0}","{'precision': 1.0, 'recall': 1.0, 'f1-score': 1.0, 'support': 500.0}","{'precision': 0.9522900763358778, 'recall': 0.998, 'f1-score': 0.974609375, 'support': 500.0}","{'precision': 0.9253012048192771, 'recall': 0.768, 'f1-score': 0.839344262295082, 'support': 500.0}","{'precision': 0.94824016563147, 'recall': 0.916, 'f1-score': 0.9318413021363174, 'support': 500.0}","{'precision': 0.9160447761194029, 'recall': 0.982, 'f1-score': 0.9478764478764479, 'support': 500.0}","{'precision': 0.8671454219030521, 'recall': 0.966, 'f1-score': 0.9139072847682119, 'support': 500.0}",0.94025,"{'precision': 0.9412345477888541, 'recall': 0.94025, 'f1-score': 0.939236554701977, 'support': 4000.0}","{'precision': 0.941234547788854, 'recall': 0.94025, 'f1-score': 0.9392365547019771, 'support': 4000.0}",Gaussian Noise severity 3,"[0.95, 0.942, 1.0, 0.998, 0.768, 0.916, 0.982, 0.966]"
"{'precision': 0.9647302904564315, 'recall': 0.93, 'f1-score': 0.9470468431771895, 'support': 500.0}","{'precision': 0.898238747553816, 'recall': 0.918, 'f1-score': 0.9080118694362018, 'support': 500.0}","{'precision': 1.0, 'recall': 1.0, 'f1-score': 1.0, 'support': 500.0}","{'precision': 0.9486692015209125, 'recall': 0.998, 'f1-score': 0.9727095516569201, 'support': 500.0}","{'precision': 0.9031339031339032, 'recall': 0.634, 'f1-score': 0.745005875440658, 'support': 500.0}","{'precision': 0.9302832244008714, 'recall': 0.854, 'f1-score': 0.8905109489051095, 'support': 500.0}","{'precision': 0.88, 'recall': 0.968, 'f1-score': 0.9219047619047619, 'support': 500.0}","{'precision': 0.7713365539452496, 'recall': 0.958, 'f1-score': 0.8545941123996432, 'support': 500.0}",0.9075,"{'precision': 0.912048990126398, 'recall': 0.9075, 'f1-score': 0.9049729953650605, 'support': 4000.0}","{'precision': 0.9120489901263981, 'recall': 0.9075, 'f1-score': 0.9049729953650605, 'support': 4000.0}",Gaussian Noise severity 4,"[0.93, 0.918, 1.0, 0.998, 0.634, 0.854, 0.968, 0.958]"
"{'precision': 0.9737991266375546, 'recall': 0.892, 'f1-score': 0.9311064718162839, 'support': 500.0}","{'precision': 0.8735849056603774, 'recall': 0.926, 'f1-score': 0.8990291262135922, 'support': 500.0}","{'precision': 1.0, 'recall': 1.0, 'f1-score': 1.0, 'support': 500.0}","{'precision': 0.9594594594594594, 'recall': 0.994, 'f1-score': 0.9764243614931237, 'support': 500.0}","{'precision': 0.8888888888888888, 'recall': 0.56, 'f1-score': 0.6871165644171779, 'support': 500.0}","{'precision': 0.9057471264367816, 'recall': 0.788, 'f1-score': 0.8427807486631016, 'support': 500.0}","{'precision': 0.8374125874125874, 'recall': 0.958, 'f1-score': 0.8936567164179104, 'support': 500.0}","{'precision': 0.7142857142857143, 'recall': 0.96, 'f1-score': 0.8191126279863481, 'support': 500.0}",0.88475,"{'precision': 0.8941472260976704, 'recall': 0.88475, 'f1-score': 0.8811533271259422, 'support': 4000.0}","{'precision': 0.8941472260976705, 'recall': 0.88475, 'f1-score': 0.8811533271259423, 'support': 4000.0}",Gaussian Noise severity 5,"[0.892, 0.926, 1.0, 0.994, 0.56, 0.788, 0.958, 0.96]"
"{'precision': 1.0, 'recall': 0.998, 'f1-score': 0.998998998998999, 'support': 500.0}","{'precision': 1.0, 'recall': 1.0, 'f1-score': 1.0, 'support': 500.0}","{'precision': 1.0, 'recall': 1.0, 'f1-score': 1.0, 'support': 500.0}","{'precision': 1.0, 'recall': 1.0, 'f1-score': 1.0, 'support': 500.0}","{'precision': 1.0, 'recall': 1.0, 'f1-score': 1.0, 'support': 500.0}","{'precision': 0.998003992015968, 'recall': 1.0, 'f1-score': 0.999000999000999, 'support': 500.0}","{'precision': 1.0, 'recall': 0.998, 'f1-score': 0.998998998998999, 'support': 500.0}","{'precision': 0.998003992015968, 'recall': 1.0, 'f1-score': 0.999000999000999, 'support': 500.0}",0.9995,"{'precision': 0.999500998003992, 'recall': 0.9995, 'f1-score': 0.9994999994999996, 'support': 4000.0}","{'precision': 0.999500998003992, 'recall': 0.9995, 'f1-score': 0.9994999994999995, 'support': 4000.0}",Glass Blur severity 1,"[0.998, 1.0, 1.0, 1.0, 1.0, 1.0, 0.998, 1.0]"
"{'precision': 1.0, 'recall': 0.998, 'f1-score': 0.998998998998999, 'support': 500.0}","{'precision': 1.0, 'recall': 1.0, 'f1-score': 1.0, 'support': 500.0}","{'precision': 1.0, 'recall': 1.0, 'f1-score': 1.0, 'support': 500.0}","{'precision': 1.0, 'recall': 1.0, 'f1-score': 1.0, 'support': 500.0}","{'precision': 1.0, 'recall': 0.998, 'f1-score': 0.998998998998999, 'support': 500.0}","{'precision': 0.9960159362549801, 'recall': 1.0, 'f1-score': 0.998003992015968, 'support': 500.0}","{'precision': 1.0, 'recall': 0.998, 'f1-score': 0.998998998998999, 'support': 500.0}","{'precision': 0.998003992015968, 'recall': 1.0, 'f1-score': 0.999000999000999, 'support': 500.0}",0.99925,"{'precision': 0.9992524910338685, 'recall': 0.99925, 'f1-score': 0.9992502485017456, 'support': 4000.0}","{'precision': 0.9992524910338685, 'recall': 0.99925, 'f1-score': 0.9992502485017456, 'support': 4000.0}",Glass Blur severity 2,"[0.998, 1.0, 1.0, 1.0, 0.998, 1.0, 0.998, 1.0]"
"{'precision': 1.0, 'recall': 0.998, 'f1-score': 0.998998998998999, 'support': 500.0}","{'precision': 1.0, 'recall': 1.0, 'f1-score': 1.0, 'support': 500.0}","{'precision': 1.0, 'recall': 1.0, 'f1-score': 1.0, 'support': 500.0}","{'precision': 1.0, 'recall': 1.0, 'f1-score': 1.0, 'support': 500.0}","{'precision': 1.0, 'recall': 0.994, 'f1-score': 0.9969909729187563, 'support': 500.0}","{'precision': 0.9920634920634921, 'recall': 1.0, 'f1-score': 0.9960159362549801, 'support': 500.0}","{'precision': 1.0, 'recall': 1.0, 'f1-score': 1.0, 'support': 500.0}","{'precision': 1.0, 'recall': 1.0, 'f1-score': 1.0, 'support': 500.0}",0.999,"{'precision': 0.9990079365079365, 'recall': 0.999, 'f1-score': 0.999000738521592, 'support': 4000.0}","{'precision': 0.9990079365079365, 'recall': 0.999, 'f1-score': 0.999000738521592, 'support': 4000.0}",Glass Blur severity 3,"[0.998, 1.0, 1.0, 1.0, 0.994, 1.0, 1.0, 1.0]"
"{'precision': 1.0, 'recall': 0.998, 'f1-score': 0.998998998998999, 'support': 500.0}","{'precision': 1.0, 'recall': 1.0, 'f1-score': 1.0, 'support': 500.0}","{'precision': 1.0, 'recall': 1.0, 'f1-score': 1.0, 'support': 500.0}","{'precision': 1.0, 'recall': 1.0, 'f1-score': 1.0, 'support': 500.0}","{'precision': 1.0, 'recall': 0.998, 'f1-score': 0.998998998998999, 'support': 500.0}","{'precision': 0.9960159362549801, 'recall': 1.0, 'f1-score': 0.998003992015968, 'support': 500.0}","{'precision': 1.0, 'recall': 0.998, 'f1-score': 0.998998998998999, 'support': 500.0}","{'precision': 0.998003992015968, 'recall': 1.0, 'f1-score': 0.999000999000999, 'support': 500.0}",0.99925,"{'precision': 0.9992524910338685, 'recall': 0.99925, 'f1-score': 0.9992502485017456, 'support': 4000.0}","{'precision': 0.9992524910338685, 'recall': 0.99925, 'f1-score': 0.9992502485017456, 'support': 4000.0}",Glass Blur severity 4,"[0.998, 1.0, 1.0, 1.0, 0.998, 1.0, 0.998, 1.0]"
"{'precision': 1.0, 'recall': 0.998, 'f1-score': 0.998998998998999, 'support': 500.0}","{'precision': 1.0, 'recall': 1.0, 'f1-score': 1.0, 'support': 500.0}","{'precision': 1.0, 'recall': 1.0, 'f1-score': 1.0, 'support': 500.0}","{'precision': 1.0, 'recall': 1.0, 'f1-score': 1.0, 'support': 500.0}","{'precision': 1.0, 'recall': 0.994, 'f1-score': 0.9969909729187563, 'support': 500.0}","{'precision': 0.9920634920634921, 'recall': 1.0, 'f1-score': 0.9960159362549801, 'support': 500.0}","{'precision': 1.0, 'recall': 0.998, 'f1-score': 0.998998998998999, 'support': 500.0}","{'precision': 0.998003992015968, 'recall': 1.0, 'f1-score': 0.999000999000999, 'support': 500.0}",0.99875,"{'precision': 0.9987584355099325, 'recall': 0.99875, 'f1-score': 0.9987507382715917, 'support': 4000.0}","{'precision': 0.9987584355099325, 'recall': 0.99875, 'f1-score': 0.9987507382715917, 'support': 4000.0}",Glass Blur severity 5,"[0.998, 1.0, 1.0, 1.0, 0.994, 1.0, 0.998, 1.0]"
"{'precision': 0.6100244498777506, 'recall': 0.998, 'f1-score': 0.7572078907435509, 'support': 500.0}","{'precision': 0.9879275653923542, 'recall': 0.982, 'f1-score': 0.9849548645937813, 'support': 500.0}","{'precision': 1.0, 'recall': 1.0, 'f1-score': 1.0, 'support': 500.0}","{'precision': 1.0, 'recall': 0.97, 'f1-score': 0.9847715736040609, 'support': 500.0}","{'precision': 0.9634464751958225, 'recall': 0.738, 'f1-score': 0.8357870894677236, 'support': 500.0}","{'precision': 1.0, 'recall': 0.368, 'f1-score': 0.5380116959064327, 'support': 500.0}","{'precision': 0.8038897893030794, 'recall': 0.992, 'f1-score': 0.8880931065353626, 'support': 500.0}","{'precision': 0.9031007751937985, 'recall': 0.932, 'f1-score': 0.9173228346456693, 'support': 500.0}",0.8725,"{'precision': 0.9085486318703506, 'recall': 0.8725, 'f1-score': 0.8632686319370726, 'support': 4000.0}","{'precision': 0.9085486318703506, 'recall': 0.8725, 'f1-score': 0.8632686319370728, 'support': 4000.0}",Impulse Noise severity 1,"[0.998, 0.982, 1.0, 0.97, 0.738, 0.368, 0.992, 0.932]"
"{'precision': 0.7730829420970265, 'recall': 0.988, 'f1-score': 0.8674275680421423, 'support': 500.0}","{'precision': 0.9130434782608695, 'recall': 0.966, 'f1-score': 0.9387755102040817, 'support': 500.0}","{'precision': 1.0, 'recall': 1.0, 'f1-score': 1.0, 'support': 500.0}","{'precision': 0.9878787878787879, 'recall': 0.978, 'f1-score': 0.9829145728643216, 'support': 500.0}","{'precision': 0.9614147909967846, 'recall': 0.598, 'f1-score': 0.7373612823674476, 'support': 500.0}","{'precision': 1.0, 'recall': 0.366, 'f1-score': 0.5358711566617862, 'support': 500.0}","{'precision': 0.6491458607095927, 'recall': 0.988, 'f1-score': 0.7835051546391752, 'support': 500.0}","{'precision': 0.7783505154639175, 'recall': 0.906, 'f1-score': 0.8373382624768947, 'support': 500.0}",0.84875,"{'precision': 0.8828645469258724, 'recall': 0.84875, 'f1-score': 0.8353991884069811, 'support': 4000.0}","{'precision': 0.8828645469258725, 'recall': 0.84875, 'f1-score': 0.8353991884069811, 'support': 4000.0}",Impulse Noise severity 2,"[0.988, 0.966, 1.0, 0.978, 0.598, 0.366, 0.988, 0.906]"
"{'precision': 0.8868274582560297, 'recall': 0.956, 'f1-score': 0.9201154956689124, 'support': 500.0}","{'precision': 0.8535714285714285, 'recall': 0.956, 'f1-score': 0.9018867924528302, 'support': 500.0}","{'precision': 1.0, 'recall': 1.0, 'f1-score': 1.0, 'support': 500.0}","{'precision': 0.9859437751004017, 'recall': 0.982, 'f1-score': 0.9839679358717435, 'support': 500.0}","{'precision': 0.9403669724770642, 'recall': 0.41, 'f1-score': 0.5710306406685237, 'support': 500.0}","{'precision': 0.9878787878787879, 'recall': 0.326, 'f1-score': 0.49022556390977445, 'support': 500.0}","{'precision': 0.5890909090909091, 'recall': 0.972, 'f1-score': 0.7335849056603774, 'support': 500.0}","{'precision': 0.6446043165467625, 'recall': 0.896, 'f1-score': 0.7497907949790795, 'support': 500.0}",0.81225,"{'precision': 0.861035455990173, 'recall': 0.81225, 'f1-score': 0.7938252661514051, 'support': 4000.0}","{'precision': 0.861035455990173, 'recall': 0.81225, 'f1-score': 0.7938252661514051, 'support': 4000.0}",Impulse Noise severity 3,"[0.956, 0.956, 1.0, 0.982, 0.41, 0.326, 0.972, 0.896]"
"{'precision': 0.9146608315098468, 'recall': 0.836, 'f1-score': 0.8735632183908046, 'support': 500.0}","{'precision': 0.7625201938610663, 'recall': 0.944, 'f1-score': 0.8436103663985701, 'support': 500.0}","{'precision': 0.9979959919839679, 'recall': 0.996, 'f1-score': 0.996996996996997, 'support': 500.0}","{'precision': 0.9814814814814815, 'recall': 0.954, 'f1-score': 0.9675456389452333, 'support': 500.0}","{'precision': 0.8764044943820225, 'recall': 0.156, 'f1-score': 0.26485568760611206, 'support': 500.0}","{'precision': 0.9629629629629629, 'recall': 0.26, 'f1-score': 0.4094488188976378, 'support': 500.0}","{'precision': 0.5532687651331719, 'recall': 0.914, 'f1-score': 0.6892911010558069, 'support': 500.0}","{'precision': 0.5016872890888638, 'recall': 0.892, 'f1-score': 0.6421886249100072, 'support': 500.0}",0.744,"{'precision': 0.818872751300423, 'recall': 0.744, 'f1-score': 0.7109375566501461, 'support': 4000.0}","{'precision': 0.8188727513004229, 'recall': 0.744, 'f1-score': 0.7109375566501461, 'support': 4000.0}",Impulse Noise severity 4,"[0.836, 0.944, 0.996, 0.954, 0.156, 0.26, 0.914, 0.892]"
"{'precision': 0.9002375296912114, 'recall': 0.758, 'f1-score': 0.8230184581976113, 'support': 500.0}","{'precision': 0.7386541471048513, 'recall': 0.944, 'f1-score': 0.8287971905179983, 'support': 500.0}","{'precision': 1.0, 'recall': 0.992, 'f1-score': 0.9959839357429718, 'support': 500.0}","{'precision': 0.9913606911447084, 'recall': 0.918, 'f1-score': 0.9532710280373832, 'support': 500.0}","{'precision': 0.9230769230769231, 'recall': 0.072, 'f1-score': 0.13358070500927643, 'support': 500.0}","{'precision': 0.9705882352941176, 'recall': 0.198, 'f1-score': 0.3289036544850498, 'support': 500.0}","{'precision': 0.5273348519362187, 'recall': 0.926, 'f1-score': 0.6719883889695211, 'support': 500.0}","{'precision': 0.446985446985447, 'recall': 0.86, 'f1-score': 0.5882352941176471, 'support': 500.0}",0.7085,"{'precision': 0.8122797281541847, 'recall': 0.7085, 'f1-score': 0.6654723318846824, 'support': 4000.0}","{'precision': 0.8122797281541848, 'recall': 0.7085, 'f1-score': 0.6654723318846824, 'support': 4000.0}",Impulse Noise severity 5,"[0.758, 0.944, 0.992, 0.918, 0.072, 0.198, 0.926, 0.86]"
"{'precision': 1.0, 'recall': 0.998, 'f1-score': 0.998998998998999, 'support': 500.0}","{'precision': 1.0, 'recall': 1.0, 'f1-score': 1.0, 'support': 500.0}","{'precision': 1.0, 'recall': 1.0, 'f1-score': 1.0, 'support': 500.0}","{'precision': 1.0, 'recall': 1.0, 'f1-score': 1.0, 'support': 500.0}","{'precision': 1.0, 'recall': 0.996, 'f1-score': 0.9979959919839679, 'support': 500.0}","{'precision': 0.9960159362549801, 'recall': 1.0, 'f1-score': 0.998003992015968, 'support': 500.0}","{'precision': 1.0, 'recall': 0.998, 'f1-score': 0.998998998998999, 'support': 500.0}","{'precision': 0.9960159362549801, 'recall': 1.0, 'f1-score': 0.998003992015968, 'support': 500.0}",0.999,"{'precision': 0.999003984063745, 'recall': 0.999, 'f1-score': 0.9990002467517378, 'support': 4000.0}","{'precision': 0.999003984063745, 'recall': 0.999, 'f1-score': 0.9990002467517377, 'support': 4000.0}",JPEG severity 1,"[0.998, 1.0, 1.0, 1.0, 0.996, 1.0, 0.998, 1.0]"
"{'precision': 1.0, 'recall': 0.998, 'f1-score': 0.998998998998999, 'support': 500.0}","{'precision': 1.0, 'recall': 1.0, 'f1-score': 1.0, 'support': 500.0}","{'precision': 1.0, 'recall': 1.0, 'f1-score': 1.0, 'support': 500.0}","{'precision': 1.0, 'recall': 1.0, 'f1-score': 1.0, 'support': 500.0}","{'precision': 1.0, 'recall': 0.994, 'f1-score': 0.9969909729187563, 'support': 500.0}","{'precision': 0.9920634920634921, 'recall': 1.0, 'f1-score': 0.9960159362549801, 'support': 500.0}","{'precision': 1.0, 'recall': 1.0, 'f1-score': 1.0, 'support': 500.0}","{'precision': 1.0, 'recall': 1.0, 'f1-score': 1.0, 'support': 500.0}",0.999,"{'precision': 0.9990079365079365, 'recall': 0.999, 'f1-score': 0.999000738521592, 'support': 4000.0}","{'precision': 0.9990079365079365, 'recall': 0.999, 'f1-score': 0.999000738521592, 'support': 4000.0}",JPEG severity 2,"[0.998, 1.0, 1.0, 1.0, 0.994, 1.0, 1.0, 1.0]"
"{'precision': 0.998, 'recall': 0.998, 'f1-score': 0.998, 'support': 500.0}","{'precision': 1.0, 'recall': 1.0, 'f1-score': 1.0, 'support': 500.0}","{'precision': 1.0, 'recall': 1.0, 'f1-score': 1.0, 'support': 500.0}","{'precision': 1.0, 'recall': 0.998, 'f1-score': 0.998998998998999, 'support': 500.0}","{'precision': 1.0, 'recall': 0.98, 'f1-score': 0.98989898989899, 'support': 500.0}","{'precision': 0.984251968503937, 'recall': 1.0, 'f1-score': 0.9920634920634921, 'support': 500.0}","{'precision': 1.0, 'recall': 1.0, 'f1-score': 1.0, 'support': 500.0}","{'precision': 0.9940357852882704, 'recall': 1.0, 'f1-score': 0.9970089730807578, 'support': 500.0}",0.997,"{'precision': 0.9970359692240259, 'recall': 0.997, 'f1-score': 0.9969963067552798, 'support': 4000.0}","{'precision': 0.9970359692240258, 'recall': 0.997, 'f1-score': 0.9969963067552798, 'support': 4000.0}",JPEG severity 3,"[0.998, 1.0, 1.0, 0.998, 0.98, 1.0, 1.0, 1.0]"
"{'precision': 0.998003992015968, 'recall': 1.0, 'f1-score': 0.999000999000999, 'support': 500.0}","{'precision': 1.0, 'recall': 1.0, 'f1-score': 1.0, 'support': 500.0}","{'precision': 1.0, 'recall': 1.0, 'f1-score': 1.0, 'support': 500.0}","{'precision': 1.0, 'recall': 1.0, 'f1-score': 1.0, 'support': 500.0}","{'precision': 1.0, 'recall': 0.984, 'f1-score': 0.9919354838709677, 'support': 500.0}","{'precision': 0.9881422924901185, 'recall': 1.0, 'f1-score': 0.9940357852882704, 'support': 500.0}","{'precision': 0.998, 'recall': 0.998, 'f1-score': 0.998, 'support': 500.0}","{'precision': 0.9960079840319361, 'recall': 0.998, 'f1-score': 0.997002997002997, 'support': 500.0}",0.9975,"{'precision': 0.9975192835672528, 'recall': 0.9975, 'f1-score': 0.9974969081454043, 'support': 4000.0}","{'precision': 0.9975192835672528, 'recall': 0.9975, 'f1-score': 0.9974969081454041, 'support': 4000.0}",JPEG severity 4,"[1.0, 1.0, 1.0, 1.0, 0.984, 1.0, 0.998, 0.998]"
"{'precision': 0.9960079840319361, 'recall': 0.998, 'f1-score': 0.997002997002997, 'support': 500.0}","{'precision': 1.0, 'recall': 1.0, 'f1-score': 1.0, 'support': 500.0}","{'precision': 1.0, 'recall': 1.0, 'f1-score': 1.0, 'support': 500.0}","{'precision': 1.0, 'recall': 0.998, 'f1-score': 0.998998998998999, 'support': 500.0}","{'precision': 1.0, 'recall': 0.972, 'f1-score': 0.9858012170385395, 'support': 500.0}","{'precision': 0.9784313725490196, 'recall': 0.998, 'f1-score': 0.9881188118811881, 'support': 500.0}","{'precision': 0.9960079840319361, 'recall': 0.998, 'f1-score': 0.997002997002997, 'support': 500.0}","{'precision': 0.9900596421471173, 'recall': 0.996, 'f1-score': 0.9930209371884346, 'support': 500.0}",0.995,"{'precision': 0.9950633728450011, 'recall': 0.995, 'f1-score': 0.9949932448891444, 'support': 4000.0}","{'precision': 0.9950633728450011, 'recall': 0.995, 'f1-score': 0.9949932448891443, 'support': 4000.0}",JPEG severity 5,"[0.998, 1.0, 1.0, 0.998, 0.972, 0.998, 0.998, 0.996]"
"{'precision': 1.0, 'recall': 0.998, 'f1-score': 0.998998998998999, 'support': 500.0}","{'precision': 1.0, 'recall': 1.0, 'f1-score': 1.0, 'support': 500.0}","{'precision': 1.0, 'recall': 1.0, 'f1-score': 1.0, 'support': 500.0}","{'precision': 1.0, 'recall': 1.0, 'f1-score': 1.0, 'support': 500.0}","{'precision': 1.0, 'recall': 0.998, 'f1-score': 0.998998998998999, 'support': 500.0}","{'precision': 0.9960159362549801, 'recall': 1.0, 'f1-score': 0.998003992015968, 'support': 500.0}","{'precision': 1.0, 'recall': 1.0, 'f1-score': 1.0, 'support': 500.0}","{'precision': 1.0, 'recall': 1.0, 'f1-score': 1.0, 'support': 500.0}",0.9995,"{'precision': 0.9995019920318725, 'recall': 0.9995, 'f1-score': 0.9995002487517457, 'support': 4000.0}","{'precision': 0.9995019920318725, 'recall': 0.9995, 'f1-score': 0.9995002487517457, 'support': 4000.0}",Motion Blur severity 1,"[0.998, 1.0, 1.0, 1.0, 0.998, 1.0, 1.0, 1.0]"
"{'precision': 1.0, 'recall': 1.0, 'f1-score': 1.0, 'support': 500.0}","{'precision': 1.0, 'recall': 1.0, 'f1-score': 1.0, 'support': 500.0}","{'precision': 1.0, 'recall': 1.0, 'f1-score': 1.0, 'support': 500.0}","{'precision': 1.0, 'recall': 1.0, 'f1-score': 1.0, 'support': 500.0}","{'precision': 1.0, 'recall': 0.992, 'f1-score': 0.9959839357429718, 'support': 500.0}","{'precision': 0.9920634920634921, 'recall': 1.0, 'f1-score': 0.9960159362549801, 'support': 500.0}","{'precision': 1.0, 'recall': 1.0, 'f1-score': 1.0, 'support': 500.0}","{'precision': 1.0, 'recall': 1.0, 'f1-score': 1.0, 'support': 500.0}",0.999,"{'precision': 0.9990079365079365, 'recall': 0.999, 'f1-score': 0.998999983999744, 'support': 4000.0}","{'precision': 0.9990079365079365, 'recall': 0.999, 'f1-score': 0.998999983999744, 'support': 4000.0}",Motion Blur severity 2,"[1.0, 1.0, 1.0, 1.0, 0.992, 1.0, 1.0, 1.0]"
"{'precision': 1.0, 'recall': 1.0, 'f1-score': 1.0, 'support': 500.0}","{'precision': 1.0, 'recall': 1.0, 'f1-score': 1.0, 'support': 500.0}","{'precision': 1.0, 'recall': 1.0, 'f1-score': 1.0, 'support': 500.0}","{'precision': 1.0, 'recall': 1.0, 'f1-score': 1.0, 'support': 500.0}","{'precision': 1.0, 'recall': 0.992, 'f1-score': 0.9959839357429718, 'support': 500.0}","{'precision': 0.9920634920634921, 'recall': 1.0, 'f1-score': 0.9960159362549801, 'support': 500.0}","{'precision': 1.0, 'recall': 0.996, 'f1-score': 0.9979959919839679, 'support': 500.0}","{'precision': 0.9960159362549801, 'recall': 1.0, 'f1-score': 0.998003992015968, 'support': 500.0}",0.9985,"{'precision': 0.998509928539809, 'recall': 0.9984999999999999, 'f1-score': 0.998499981999736, 'support': 4000.0}","{'precision': 0.998509928539809, 'recall': 0.9985, 'f1-score': 0.998499981999736, 'support': 4000.0}",Motion Blur severity 3,"[1.0, 1.0, 1.0, 1.0, 0.992, 1.0, 0.996, 1.0]"
"{'precision': 1.0, 'recall': 1.0, 'f1-score': 1.0, 'support': 500.0}","{'precision': 1.0, 'recall': 1.0, 'f1-score': 1.0, 'support': 500.0}","{'precision': 1.0, 'recall': 1.0, 'f1-score': 1.0, 'support': 500.0}","{'precision': 1.0, 'recall': 1.0, 'f1-score': 1.0, 'support': 500.0}","{'precision': 1.0, 'recall': 0.996, 'f1-score': 0.9979959919839679, 'support': 500.0}","{'precision': 0.9960159362549801, 'recall': 1.0, 'f1-score': 0.998003992015968, 'support': 500.0}","{'precision': 0.9979919678714859, 'recall': 0.994, 'f1-score': 0.9959919839679359, 'support': 500.0}","{'precision': 0.9940239043824701, 'recall': 0.998, 'f1-score': 0.9960079840319361, 'support': 500.0}",0.9985,"{'precision': 0.998503976063617, 'recall': 0.9984999999999999, 'f1-score': 0.998499993999976, 'support': 4000.0}","{'precision': 0.9985039760636171, 'recall': 0.9985, 'f1-score': 0.998499993999976, 'support': 4000.0}",Motion Blur severity 4,"[1.0, 1.0, 1.0, 1.0, 0.996, 1.0, 0.994, 0.998]"
"{'precision': 0.998003992015968, 'recall': 1.0, 'f1-score': 0.999000999000999, 'support': 500.0}","{'precision': 0.998003992015968, 'recall': 1.0, 'f1-score': 0.999000999000999, 'support': 500.0}","{'precision': 1.0, 'recall': 1.0, 'f1-score': 1.0, 'support': 500.0}","{'precision': 1.0, 'recall': 1.0, 'f1-score': 1.0, 'support': 500.0}","{'precision': 1.0, 'recall': 0.988, 'f1-score': 0.993963782696177, 'support': 500.0}","{'precision': 0.9881422924901185, 'recall': 1.0, 'f1-score': 0.9940357852882704, 'support': 500.0}","{'precision': 0.9979716024340771, 'recall': 0.984, 'f1-score': 0.9909365558912386, 'support': 500.0}","{'precision': 0.9861386138613861, 'recall': 0.996, 'f1-score': 0.991044776119403, 'support': 500.0}",0.996,"{'precision': 0.9960325616021897, 'recall': 0.996, 'f1-score': 0.9959978622496358, 'support': 4000.0}","{'precision': 0.9960325616021898, 'recall': 0.996, 'f1-score': 0.9959978622496359, 'support': 4000.0}",Motion Blur severity 5,"[1.0, 1.0, 1.0, 1.0, 0.988, 1.0, 0.984, 0.996]"
"{'precision': 0.3123008285532186, 'recall': 0.98, 'f1-score': 0.4736587723537941, 'support': 500.0}","{'precision': 0.9196787148594378, 'recall': 0.458, 'f1-score': 0.6114819759679573, 'support': 500.0}","{'precision': 0.9683794466403162, 'recall': 0.49, 'f1-score': 0.650730411686587, 'support': 500.0}","{'precision': 0.9716024340770791, 'recall': 0.958, 'f1-score': 0.9647532729103726, 'support': 500.0}","{'precision': 0.49333333333333335, 'recall': 0.296, 'f1-score': 0.37, 'support': 500.0}","{'precision': 0.6691542288557214, 'recall': 0.538, 'f1-score': 0.5964523281596452, 'support': 500.0}","{'precision': 1.0, 'recall': 0.112, 'f1-score': 0.2014388489208633, 'support': 500.0}","{'precision': 0.5, 'recall': 0.678, 'f1-score': 0.5755517826825127, 'support': 500.0}",0.56375,"{'precision': 0.7293061232898883, 'recall': 0.56375, 'f1-score': 0.5555084240852165, 'support': 4000.0}","{'precision': 0.7293061232898883, 'recall': 0.56375, 'f1-score': 0.5555084240852166, 'support': 4000.0}",Pixelate severity 1,"[0.98, 0.458, 0.49, 0.958, 0.296, 0.538, 0.112, 0.678]"
"{'precision': 0.28444707273802483, 'recall': 0.962, 'f1-score': 0.4390689183021451, 'support': 500.0}","{'precision': 0.7717842323651453, 'recall': 0.372, 'f1-score': 0.5020242914979757, 'support': 500.0}","{'precision': 0.9719626168224299, 'recall': 0.416, 'f1-score': 0.5826330532212886, 'support': 500.0}","{'precision': 0.9569471624266145, 'recall': 0.978, 'f1-score': 0.9673590504451038, 'support': 500.0}","{'precision': 0.4236842105263158, 'recall': 0.322, 'f1-score': 0.3659090909090909, 'support': 500.0}","{'precision': 0.6568047337278107, 'recall': 0.222, 'f1-score': 0.33183856502242154, 'support': 500.0}","{'precision': 0.96875, 'recall': 0.062, 'f1-score': 0.11654135338345864, 'support': 500.0}","{'precision': 0.41863517060367456, 'recall': 0.638, 'f1-score': 0.5055467511885895, 'support': 500.0}",0.4965,"{'precision': 0.6816268999012519, 'recall': 0.49649999999999994, 'f1-score': 0.4763651342462592, 'support': 4000.0}","{'precision': 0.6816268999012519, 'recall': 0.4965, 'f1-score': 0.47636513424625926, 'support': 4000.0}",Pixelate severity 2,"[0.962, 0.372, 0.416, 0.978, 0.322, 0.222, 0.062, 0.638]"
"{'precision': 0.29221556886227545, 'recall': 0.976, 'f1-score': 0.4497695852534562, 'support': 500.0}","{'precision': 0.8333333333333334, 'recall': 0.43, 'f1-score': 0.5672823218997362, 'support': 500.0}","{'precision': 0.9736842105263158, 'recall': 0.37, 'f1-score': 0.5362318840579711, 'support': 500.0}","{'precision': 0.9531568228105907, 'recall': 0.936, 'f1-score': 0.9445005045408678, 'support': 500.0}","{'precision': 0.4882154882154882, 'recall': 0.29, 'f1-score': 0.36386449184441655, 'support': 500.0}","{'precision': 0.7042801556420234, 'recall': 0.362, 'f1-score': 0.47820343461030385, 'support': 500.0}","{'precision': 0.9464285714285714, 'recall': 0.212, 'f1-score': 0.3464052287581699, 'support': 500.0}","{'precision': 0.4386206896551724, 'recall': 0.636, 'f1-score': 0.5191836734693878, 'support': 500.0}",0.5265,"{'precision': 0.7037418550592214, 'recall': 0.5265, 'f1-score': 0.5256801405542886, 'support': 4000.0}","{'precision': 0.7037418550592214, 'recall': 0.5265, 'f1-score': 0.5256801405542888, 'support': 4000.0}",Pixelate severity 3,"[0.976, 0.43, 0.37, 0.936, 0.29, 0.362, 0.212, 0.636]"
"{'precision': 0.23369823893384103, 'recall': 0.982, 'f1-score': 0.3775470972702807, 'support': 500.0}","{'precision': 0.9115646258503401, 'recall': 0.268, 'f1-score': 0.4142194744976816, 'support': 500.0}","{'precision': 0.8734177215189873, 'recall': 0.138, 'f1-score': 0.23834196891191708, 'support': 500.0}","{'precision': 0.8819188191881919, 'recall': 0.956, 'f1-score': 0.9174664107485605, 'support': 500.0}","{'precision': 0.3493975903614458, 'recall': 0.174, 'f1-score': 0.23230974632843793, 'support': 500.0}","{'precision': 0.6341463414634146, 'recall': 0.312, 'f1-score': 0.41823056300268097, 'support': 500.0}","{'precision': 1.0, 'recall': 0.07, 'f1-score': 0.1308411214953271, 'support': 500.0}","{'precision': 0.39767054908485855, 'recall': 0.478, 'f1-score': 0.43415077202543145, 'support': 500.0}",0.42225,"{'precision': 0.6602267358001349, 'recall': 0.42225, 'f1-score': 0.3953883942850397, 'support': 4000.0}","{'precision': 0.660226735800135, 'recall': 0.42225, 'f1-score': 0.3953883942850397, 'support': 4000.0}",Pixelate severity 4,"[0.982, 0.268, 0.138, 0.956, 0.174, 0.312, 0.07, 0.478]"
"{'precision': 0.19324430479183033, 'recall': 0.984, 'f1-score': 0.3230466185160867, 'support': 500.0}","{'precision': 0.875, 'recall': 0.028, 'f1-score': 0.05426356589147287, 'support': 500.0}","{'precision': 0.23809523809523808, 'recall': 0.02, 'f1-score': 0.03690036900369004, 'support': 500.0}","{'precision': 0.7851239669421488, 'recall': 0.95, 'f1-score': 0.8597285067873304, 'support': 500.0}","{'precision': 0.13793103448275862, 'recall': 0.008, 'f1-score': 0.015122873345935728, 'support': 500.0}","{'precision': 0.6652719665271967, 'recall': 0.318, 'f1-score': 0.43031123139377536, 'support': 500.0}","{'precision': 0.0, 'recall': 0.0, 'f1-score': 0.0, 'support': 500.0}","{'precision': 0.33078393881453155, 'recall': 0.346, 'f1-score': 0.33822091886608013, 'support': 500.0}",0.33175,"{'precision': 0.403181306206713, 'recall': 0.33175, 'f1-score': 0.25719926047554637, 'support': 4000.0}","{'precision': 0.40318130620671305, 'recall': 0.33175, 'f1-score': 0.2571992604755464, 'support': 4000.0}",Pixelate severity 5,"[0.984, 0.028, 0.02, 0.95, 0.008, 0.318, 0.0, 0.346]"
"{'precision': 1.0, 'recall': 0.704, 'f1-score': 0.8262910798122066, 'support': 500.0}","{'precision': 0.9959919839679359, 'recall': 0.994, 'f1-score': 0.994994994994995, 'support': 500.0}","{'precision': 1.0, 'recall': 1.0, 'f1-score': 1.0, 'support': 500.0}","{'precision': 0.9406130268199234, 'recall': 0.982, 'f1-score': 0.9608610567514677, 'support': 500.0}","{'precision': 0.9451754385964912, 'recall': 0.862, 'f1-score': 0.9016736401673641, 'support': 500.0}","{'precision': 0.8305647840531561, 'recall': 1.0, 'f1-score': 0.9074410163339383, 'support': 500.0}","{'precision': 0.7256894049346879, 'recall': 1.0, 'f1-score': 0.8410428931875525, 'support': 500.0}","{'precision': 0.968421052631579, 'recall': 0.736, 'f1-score': 0.8363636363636363, 'support': 500.0}",0.90975,"{'precision': 0.9258069613754718, 'recall': 0.90975, 'f1-score': 0.908583539701395, 'support': 4000.0}","{'precision': 0.9258069613754717, 'recall': 0.90975, 'f1-score': 0.908583539701395, 'support': 4000.0}",Saturate severity 1,"[0.704, 0.994, 1.0, 0.982, 0.862, 1.0, 1.0, 0.736]"
"{'precision': 1.0, 'recall': 0.326, 'f1-score': 0.4917043740573152, 'support': 500.0}","{'precision': 0.9860834990059643, 'recall': 0.992, 'f1-score': 0.9890329012961117, 'support': 500.0}","{'precision': 1.0, 'recall': 1.0, 'f1-score': 1.0, 'support': 500.0}","{'precision': 0.8656716417910447, 'recall': 0.928, 'f1-score': 0.8957528957528957, 'support': 500.0}","{'precision': 0.930622009569378, 'recall': 0.778, 'f1-score': 0.8474945533769063, 'support': 500.0}","{'precision': 0.6711409395973155, 'recall': 1.0, 'f1-score': 0.8032128514056225, 'support': 500.0}","{'precision': 0.6443298969072165, 'recall': 1.0, 'f1-score': 0.7836990595611285, 'support': 500.0}","{'precision': 0.9025069637883009, 'recall': 0.648, 'f1-score': 0.7543655413271245, 'support': 500.0}",0.834,"{'precision': 0.8750443688324026, 'recall': 0.8340000000000001, 'f1-score': 0.820657772097138, 'support': 4000.0}","{'precision': 0.8750443688324024, 'recall': 0.834, 'f1-score': 0.8206577720971382, 'support': 4000.0}",Saturate severity 2,"[0.326, 0.992, 1.0, 0.928, 0.778, 1.0, 1.0, 0.648]"
"{'precision': 0.998003992015968, 'recall': 1.0, 'f1-score': 0.999000999000999, 'support': 500.0}","{'precision': 0.998003992015968, 'recall': 1.0, 'f1-score': 0.999000999000999, 'support': 500.0}","{'precision': 1.0, 'recall': 1.0, 'f1-score': 1.0, 'support': 500.0}","{'precision': 1.0, 'recall': 1.0, 'f1-score': 1.0, 'support': 500.0}","{'precision': 0.9979959919839679, 'recall': 0.996, 'f1-score': 0.996996996996997, 'support': 500.0}","{'precision': 0.998003992015968, 'recall': 1.0, 'f1-score': 0.999000999000999, 'support': 500.0}","{'precision': 1.0, 'recall': 0.988, 'f1-score': 0.993963782696177, 'support': 500.0}","{'precision': 0.9900793650793651, 'recall': 0.998, 'f1-score': 0.9940239043824701, 'support': 500.0}",0.99775,"{'precision': 0.9977609166389046, 'recall': 0.99775, 'f1-score': 0.9977484601348301, 'support': 4000.0}","{'precision': 0.9977609166389046, 'recall': 0.99775, 'f1-score': 0.9977484601348301, 'support': 4000.0}",Saturate severity 3,"[1.0, 1.0, 1.0, 1.0, 0.996, 1.0, 0.988, 0.998]"
"{'precision': 0.572737686139748, 'recall': 1.0, 'f1-score': 0.7283321194464676, 'support': 500.0}","{'precision': 0.9939393939393939, 'recall': 0.984, 'f1-score': 0.9889447236180905, 'support': 500.0}","{'precision': 1.0, 'recall': 1.0, 'f1-score': 1.0, 'support': 500.0}","{'precision': 0.9978991596638656, 'recall': 0.95, 'f1-score': 0.9733606557377049, 'support': 500.0}","{'precision': 1.0, 'recall': 0.436, 'f1-score': 0.6072423398328691, 'support': 500.0}","{'precision': 0.985200845665962, 'recall': 0.932, 'f1-score': 0.9578622816032888, 'support': 500.0}","{'precision': 1.0, 'recall': 0.868, 'f1-score': 0.9293361884368309, 'support': 500.0}","{'precision': 0.9340866290018832, 'recall': 0.992, 'f1-score': 0.962172647914646, 'support': 500.0}",0.89525,"{'precision': 0.9354829643013566, 'recall': 0.89525, 'f1-score': 0.8934063695737373, 'support': 4000.0}","{'precision': 0.9354829643013566, 'recall': 0.89525, 'f1-score': 0.8934063695737372, 'support': 4000.0}",Saturate severity 4,"[1.0, 0.984, 1.0, 0.95, 0.436, 0.932, 0.868, 0.992]"
"{'precision': 0.34083162917518744, 'recall': 1.0, 'f1-score': 0.5083884087442806, 'support': 500.0}","{'precision': 0.9753086419753086, 'recall': 0.948, 'f1-score': 0.9614604462474645, 'support': 500.0}","{'precision': 0.9979919678714859, 'recall': 0.994, 'f1-score': 0.9959919839679359, 'support': 500.0}","{'precision': 0.9943019943019943, 'recall': 0.698, 'f1-score': 0.8202115158636898, 'support': 500.0}","{'precision': 1.0, 'recall': 0.108, 'f1-score': 0.19494584837545126, 'support': 500.0}","{'precision': 0.9916666666666667, 'recall': 0.476, 'f1-score': 0.6432432432432432, 'support': 500.0}","{'precision': 1.0, 'recall': 0.51, 'f1-score': 0.6754966887417219, 'support': 500.0}","{'precision': 0.7395993836671803, 'recall': 0.96, 'f1-score': 0.835509138381201, 'support': 500.0}",0.71175,"{'precision': 0.8799625354572279, 'recall': 0.7117499999999999, 'f1-score': 0.7044059091956236, 'support': 4000.0}","{'precision': 0.8799625354572279, 'recall': 0.71175, 'f1-score': 0.7044059091956235, 'support': 4000.0}",Saturate severity 5,"[1.0, 0.948, 0.994, 0.698, 0.108, 0.476, 0.51, 0.96]"
"{'precision': 0.994, 'recall': 0.994, 'f1-score': 0.994, 'support': 500.0}","{'precision': 1.0, 'recall': 1.0, 'f1-score': 1.0, 'support': 500.0}","{'precision': 1.0, 'recall': 1.0, 'f1-score': 1.0, 'support': 500.0}","{'precision': 0.9960159362549801, 'recall': 1.0, 'f1-score': 0.998003992015968, 'support': 500.0}","{'precision': 0.9939879759519038, 'recall': 0.992, 'f1-score': 0.992992992992993, 'support': 500.0}","{'precision': 0.9940239043824701, 'recall': 0.998, 'f1-score': 0.9960079840319361, 'support': 500.0}","{'precision': 0.9959919839679359, 'recall': 0.994, 'f1-score': 0.994994994994995, 'support': 500.0}","{'precision': 0.9959839357429718, 'recall': 0.992, 'f1-score': 0.9939879759519038, 'support': 500.0}",0.99625,"{'precision': 0.9962504670375327, 'recall': 0.99625, 'f1-score': 0.9962484924984745, 'support': 4000.0}","{'precision': 0.9962504670375327, 'recall': 0.99625, 'f1-score': 0.9962484924984745, 'support': 4000.0}",Shot Noise severity 1,"[0.994, 1.0, 1.0, 1.0, 0.992, 0.998, 0.994, 0.992]"
"{'precision': 0.9840637450199203, 'recall': 0.988, 'f1-score': 0.9860279441117764, 'support': 500.0}","{'precision': 0.9979253112033195, 'recall': 0.962, 'f1-score': 0.9796334012219959, 'support': 500.0}","{'precision': 1.0, 'recall': 1.0, 'f1-score': 1.0, 'support': 500.0}","{'precision': 0.9900990099009901, 'recall': 1.0, 'f1-score': 0.9950248756218906, 'support': 500.0}","{'precision': 0.9542743538767395, 'recall': 0.96, 'f1-score': 0.9571286141575274, 'support': 500.0}","{'precision': 0.9842209072978304, 'recall': 0.998, 'f1-score': 0.9910625620655412, 'support': 500.0}","{'precision': 0.9783464566929134, 'recall': 0.994, 'f1-score': 0.9861111111111112, 'support': 500.0}","{'precision': 0.9898580121703854, 'recall': 0.976, 'f1-score': 0.9828801611278952, 'support': 500.0}",0.98475,"{'precision': 0.9848484745202624, 'recall': 0.98475, 'f1-score': 0.9847335836772172, 'support': 4000.0}","{'precision': 0.9848484745202623, 'recall': 0.98475, 'f1-score': 0.9847335836772172, 'support': 4000.0}",Shot Noise severity 2,"[0.988, 0.962, 1.0, 1.0, 0.96, 0.998, 0.994, 0.976]"
"{'precision': 0.9957716701902748, 'recall': 0.942, 'f1-score': 0.9681397738951696, 'support': 500.0}","{'precision': 0.967948717948718, 'recall': 0.906, 'f1-score': 0.9359504132231405, 'support': 500.0}","{'precision': 1.0, 'recall': 1.0, 'f1-score': 1.0, 'support': 500.0}","{'precision': 0.9727626459143969, 'recall': 1.0, 'f1-score': 0.9861932938856016, 'support': 500.0}","{'precision': 0.884765625, 'recall': 0.906, 'f1-score': 0.8952569169960475, 'support': 500.0}","{'precision': 0.9622266401590457, 'recall': 0.968, 'f1-score': 0.9651046859421735, 'support': 500.0}","{'precision': 0.9446564885496184, 'recall': 0.99, 'f1-score': 0.966796875, 'support': 500.0}","{'precision': 0.9466403162055336, 'recall': 0.958, 'f1-score': 0.952286282306163, 'support': 500.0}",0.95875,"{'precision': 0.9593465129959484, 'recall': 0.95875, 'f1-score': 0.9587160301560369, 'support': 4000.0}","{'precision': 0.9593465129959485, 'recall': 0.95875, 'f1-score': 0.958716030156037, 'support': 4000.0}",Shot Noise severity 3,"[0.942, 0.906, 1.0, 1.0, 0.906, 0.968, 0.99, 0.958]"
"{'precision': 0.9891067538126361, 'recall': 0.908, 'f1-score': 0.9468196037539103, 'support': 500.0}","{'precision': 0.9327731092436975, 'recall': 0.888, 'f1-score': 0.9098360655737705, 'support': 500.0}","{'precision': 1.0, 'recall': 1.0, 'f1-score': 1.0, 'support': 500.0}","{'precision': 0.9652509652509652, 'recall': 1.0, 'f1-score': 0.9823182711198428, 'support': 500.0}","{'precision': 0.8773784355179705, 'recall': 0.83, 'f1-score': 0.8530318602261048, 'support': 500.0}","{'precision': 0.94, 'recall': 0.94, 'f1-score': 0.94, 'support': 500.0}","{'precision': 0.9252336448598131, 'recall': 0.99, 'f1-score': 0.9565217391304348, 'support': 500.0}","{'precision': 0.8886827458256029, 'recall': 0.958, 'f1-score': 0.9220404234841193, 'support': 500.0}",0.93925,"{'precision': 0.9398032068138356, 'recall': 0.93925, 'f1-score': 0.9388209954110228, 'support': 4000.0}","{'precision': 0.9398032068138357, 'recall': 0.93925, 'f1-score': 0.9388209954110227, 'support': 4000.0}",Shot Noise severity 4,"[0.908, 0.888, 1.0, 1.0, 0.83, 0.94, 0.99, 0.958]"
"{'precision': 0.9953596287703016, 'recall': 0.858, 'f1-score': 0.9215896885069818, 'support': 500.0}","{'precision': 0.873015873015873, 'recall': 0.88, 'f1-score': 0.8764940239043825, 'support': 500.0}","{'precision': 1.0, 'recall': 1.0, 'f1-score': 1.0, 'support': 500.0}","{'precision': 0.9575289575289575, 'recall': 0.992, 'f1-score': 0.9744597249508841, 'support': 500.0}","{'precision': 0.854320987654321, 'recall': 0.692, 'f1-score': 0.7646408839779005, 'support': 500.0}","{'precision': 0.9147609147609148, 'recall': 0.88, 'f1-score': 0.8970438328236493, 'support': 500.0}","{'precision': 0.844559585492228, 'recall': 0.978, 'f1-score': 0.9063948100092678, 'support': 500.0}","{'precision': 0.8075601374570447, 'recall': 0.94, 'f1-score': 0.8687615526802218, 'support': 500.0}",0.9025,"{'precision': 0.9058882605849551, 'recall': 0.9025000000000001, 'f1-score': 0.9011730646066609, 'support': 4000.0}","{'precision': 0.9058882605849551, 'recall': 0.9025, 'f1-score': 0.901173064606661, 'support': 4000.0}",Shot Noise severity 5,"[0.858, 0.88, 1.0, 0.992, 0.692, 0.88, 0.978, 0.94]"
"{'precision': 0.9775510204081632, 'recall': 0.958, 'f1-score': 0.9676767676767677, 'support': 500.0}","{'precision': 0.6410256410256411, 'recall': 1.0, 'f1-score': 0.78125, 'support': 500.0}","{'precision': 1.0, 'recall': 0.998, 'f1-score': 0.998998998998999, 'support': 500.0}","{'precision': 1.0, 'recall': 0.996, 'f1-score': 0.9979959919839679, 'support': 500.0}","{'precision': 0.9954954954954955, 'recall': 0.442, 'f1-score': 0.6121883656509696, 'support': 500.0}","{'precision': 0.9889135254988913, 'recall': 0.892, 'f1-score': 0.9379600420609885, 'support': 500.0}","{'precision': 0.9662698412698413, 'recall': 0.974, 'f1-score': 0.9701195219123506, 'support': 500.0}","{'precision': 0.89568345323741, 'recall': 0.996, 'f1-score': 0.9431818181818182, 'support': 500.0}",0.907,"{'precision': 0.9331173721169304, 'recall': 0.907, 'f1-score': 0.9011714383082328, 'support': 4000.0}","{'precision': 0.9331173721169304, 'recall': 0.907, 'f1-score': 0.9011714383082327, 'support': 4000.0}",Snow severity 1,"[0.958, 1.0, 0.998, 0.996, 0.442, 0.892, 0.974, 0.996]"
"{'precision': 1.0, 'recall': 0.394, 'f1-score': 0.5652797704447633, 'support': 500.0}","{'precision': 0.423728813559322, 'recall': 1.0, 'f1-score': 0.5952380952380952, 'support': 500.0}","{'precision': 1.0, 'recall': 0.786, 'f1-score': 0.8801791713325868, 'support': 500.0}","{'precision': 1.0, 'recall': 0.988, 'f1-score': 0.993963782696177, 'support': 500.0}","{'precision': 1.0, 'recall': 0.112, 'f1-score': 0.2014388489208633, 'support': 500.0}","{'precision': 0.8540145985401459, 'recall': 0.936, 'f1-score': 0.8931297709923665, 'support': 500.0}","{'precision': 0.9659090909090909, 'recall': 0.85, 'f1-score': 0.9042553191489362, 'support': 500.0}","{'precision': 0.7095375722543352, 'recall': 0.982, 'f1-score': 0.8238255033557047, 'support': 500.0}",0.756,"{'precision': 0.8691487594078617, 'recall': 0.756, 'f1-score': 0.7321637827661867, 'support': 4000.0}","{'precision': 0.8691487594078618, 'recall': 0.756, 'f1-score': 0.7321637827661867, 'support': 4000.0}",Snow severity 2,"[0.394, 1.0, 0.786, 0.988, 0.112, 0.936, 0.85, 0.982]"
"{'precision': 0.9786324786324786, 'recall': 0.458, 'f1-score': 0.6239782016348774, 'support': 500.0}","{'precision': 0.42003367003367004, 'recall': 0.998, 'f1-score': 0.5912322274881516, 'support': 500.0}","{'precision': 1.0, 'recall': 0.768, 'f1-score': 0.8687782805429864, 'support': 500.0}","{'precision': 1.0, 'recall': 0.952, 'f1-score': 0.9754098360655737, 'support': 500.0}","{'precision': 1.0, 'recall': 0.03, 'f1-score': 0.05825242718446602, 'support': 500.0}","{'precision': 0.8863636363636364, 'recall': 0.702, 'f1-score': 0.7834821428571429, 'support': 500.0}","{'precision': 0.9230769230769231, 'recall': 0.84, 'f1-score': 0.8795811518324608, 'support': 500.0}","{'precision': 0.5669014084507042, 'recall': 0.966, 'f1-score': 0.7144970414201184, 'support': 500.0}",0.71425,"{'precision': 0.8468760145696765, 'recall': 0.71425, 'f1-score': 0.6869014136282221, 'support': 4000.0}","{'precision': 0.8468760145696765, 'recall': 0.71425, 'f1-score': 0.6869014136282221, 'support': 4000.0}",Snow severity 3,"[0.458, 0.998, 0.768, 0.952, 0.03, 0.702, 0.84, 0.966]"
"{'precision': 0.9691629955947136, 'recall': 0.44, 'f1-score': 0.6052269601100413, 'support': 500.0}","{'precision': 0.45588235294117646, 'recall': 0.992, 'f1-score': 0.6246851385390428, 'support': 500.0}","{'precision': 1.0, 'recall': 0.7, 'f1-score': 0.8235294117647058, 'support': 500.0}","{'precision': 1.0, 'recall': 0.804, 'f1-score': 0.8913525498891353, 'support': 500.0}","{'precision': 1.0, 'recall': 0.042, 'f1-score': 0.08061420345489444, 'support': 500.0}","{'precision': 0.6026200873362445, 'recall': 0.828, 'f1-score': 0.6975568660488627, 'support': 500.0}","{'precision': 0.8220064724919094, 'recall': 0.508, 'f1-score': 0.6279357231149567, 'support': 500.0}","{'precision': 0.490174672489083, 'recall': 0.898, 'f1-score': 0.634180790960452, 'support': 500.0}",0.6515,"{'precision': 0.7924808226066409, 'recall': 0.6515, 'f1-score': 0.6231352054852614, 'support': 4000.0}","{'precision': 0.7924808226066409, 'recall': 0.6515, 'f1-score': 0.6231352054852614, 'support': 4000.0}",Snow severity 4,"[0.44, 0.992, 0.7, 0.804, 0.042, 0.828, 0.508, 0.898]"
"{'precision': 0.9898477157360406, 'recall': 0.39, 'f1-score': 0.5595408895265424, 'support': 500.0}","{'precision': 0.6077694235588973, 'recall': 0.97, 'f1-score': 0.7473035439137135, 'support': 500.0}","{'precision': 1.0, 'recall': 0.808, 'f1-score': 0.8938053097345132, 'support': 500.0}","{'precision': 0.9929078014184397, 'recall': 0.84, 'f1-score': 0.9100758396533044, 'support': 500.0}","{'precision': 0.9, 'recall': 0.108, 'f1-score': 0.19285714285714287, 'support': 500.0}","{'precision': 0.45045045045045046, 'recall': 1.0, 'f1-score': 0.6211180124223602, 'support': 500.0}","{'precision': 0.9282868525896414, 'recall': 0.466, 'f1-score': 0.6205059920106525, 'support': 500.0}","{'precision': 0.5455746367239102, 'recall': 0.826, 'f1-score': 0.6571201272871917, 'support': 500.0}",0.676,"{'precision': 0.8018546100596724, 'recall': 0.676, 'f1-score': 0.6502908571756776, 'support': 4000.0}","{'precision': 0.8018546100596725, 'recall': 0.676, 'f1-score': 0.6502908571756775, 'support': 4000.0}",Snow severity 5,"[0.39, 0.97, 0.808, 0.84, 0.108, 1.0, 0.466, 0.826]"
"{'precision': 0.8223684210526315, 'recall': 1.0, 'f1-score': 0.9025270758122743, 'support': 500.0}","{'precision': 0.9577735124760077, 'recall': 0.998, 'f1-score': 0.9774730656219393, 'support': 500.0}","{'precision': 0.9960159362549801, 'recall': 1.0, 'f1-score': 0.998003992015968, 'support': 500.0}","{'precision': 1.0, 'recall': 0.986, 'f1-score': 0.9929506545820745, 'support': 500.0}","{'precision': 0.9906759906759907, 'recall': 0.85, 'f1-score': 0.9149623250807319, 'support': 500.0}","{'precision': 1.0, 'recall': 0.87, 'f1-score': 0.93048128342246, 'support': 500.0}","{'precision': 0.9487666034155597, 'recall': 1.0, 'f1-score': 0.9737098344693281, 'support': 500.0}","{'precision': 0.9938144329896907, 'recall': 0.964, 'f1-score': 0.9786802030456853, 'support': 500.0}",0.9585,"{'precision': 0.9636768621081075, 'recall': 0.9585, 'f1-score': 0.9585985542563076, 'support': 4000.0}","{'precision': 0.9636768621081075, 'recall': 0.9585, 'f1-score': 0.9585985542563077, 'support': 4000.0}",Spatter severity 1,"[1.0, 0.998, 1.0, 0.986, 0.85, 0.87, 1.0, 0.964]"
"{'precision': 0.9273084479371316, 'recall': 0.944, 'f1-score': 0.9355797819623389, 'support': 500.0}","{'precision': 0.5165289256198347, 'recall': 1.0, 'f1-score': 0.6811989100817438, 'support': 500.0}","{'precision': 1.0, 'recall': 0.99, 'f1-score': 0.9949748743718593, 'support': 500.0}","{'precision': 1.0, 'recall': 0.988, 'f1-score': 0.993963782696177, 'support': 500.0}","{'precision': 1.0, 'recall': 0.19, 'f1-score': 0.31932773109243695, 'support': 500.0}","{'precision': 1.0, 'recall': 0.62, 'f1-score': 0.7654320987654321, 'support': 500.0}","{'precision': 0.815359477124183, 'recall': 0.998, 'f1-score': 0.8974820143884892, 'support': 500.0}","{'precision': 0.9381044487427466, 'recall': 0.97, 'f1-score': 0.9537856440511308, 'support': 500.0}",0.8375,"{'precision': 0.899662662427987, 'recall': 0.8374999999999999, 'f1-score': 0.817718104676201, 'support': 4000.0}","{'precision': 0.899662662427987, 'recall': 0.8375, 'f1-score': 0.8177181046762011, 'support': 4000.0}",Spatter severity 2,"[0.944, 1.0, 0.99, 0.988, 0.19, 0.62, 0.998, 0.97]"
"{'precision': 0.9428571428571428, 'recall': 0.396, 'f1-score': 0.5577464788732395, 'support': 500.0}","{'precision': 0.29691211401425177, 'recall': 1.0, 'f1-score': 0.45787545787545786, 'support': 500.0}","{'precision': 1.0, 'recall': 0.528, 'f1-score': 0.6910994764397905, 'support': 500.0}","{'precision': 1.0, 'recall': 0.934, 'f1-score': 0.9658738366080661, 'support': 500.0}","{'precision': 1.0, 'recall': 0.002, 'f1-score': 0.003992015968063872, 'support': 500.0}","{'precision': 1.0, 'recall': 0.092, 'f1-score': 0.1684981684981685, 'support': 500.0}","{'precision': 0.7504132231404959, 'recall': 0.908, 'f1-score': 0.8217194570135746, 'support': 500.0}","{'precision': 0.6791147994467497, 'recall': 0.982, 'f1-score': 0.802943581357318, 'support': 500.0}",0.60525,"{'precision': 0.83366215993233, 'recall': 0.6052500000000001, 'f1-score': 0.5587185590792099, 'support': 4000.0}","{'precision': 0.8336621599323301, 'recall': 0.60525, 'f1-score': 0.5587185590792099, 'support': 4000.0}",Spatter severity 3,"[0.396, 1.0, 0.528, 0.934, 0.002, 0.092, 0.908, 0.982]"
"{'precision': 0.38402457757296465, 'recall': 1.0, 'f1-score': 0.5549389567147613, 'support': 500.0}","{'precision': 0.8668122270742358, 'recall': 0.794, 'f1-score': 0.8288100208768268, 'support': 500.0}","{'precision': 1.0, 'recall': 0.996, 'f1-score': 0.9979959919839679, 'support': 500.0}","{'precision': 1.0, 'recall': 0.836, 'f1-score': 0.9106753812636166, 'support': 500.0}","{'precision': 0.973404255319149, 'recall': 0.366, 'f1-score': 0.5319767441860465, 'support': 500.0}","{'precision': 1.0, 'recall': 0.018, 'f1-score': 0.03536345776031434, 'support': 500.0}","{'precision': 0.9862700228832952, 'recall': 0.862, 'f1-score': 0.919957310565635, 'support': 500.0}","{'precision': 0.7159420289855073, 'recall': 0.988, 'f1-score': 0.8302521008403362, 'support': 500.0}",0.7325,"{'precision': 0.8658066389793939, 'recall': 0.7324999999999999, 'f1-score': 0.7012462455239381, 'support': 4000.0}","{'precision': 0.8658066389793939, 'recall': 0.7325, 'f1-score': 0.7012462455239381, 'support': 4000.0}",Spatter severity 4,"[1.0, 0.794, 0.996, 0.836, 0.366, 0.018, 0.862, 0.988]"
"{'precision': 0.702158273381295, 'recall': 0.976, 'f1-score': 0.8167364016736401, 'support': 500.0}","{'precision': 0.5843828715365239, 'recall': 0.928, 'f1-score': 0.7171561051004637, 'support': 500.0}","{'precision': 1.0, 'recall': 0.99, 'f1-score': 0.9949748743718593, 'support': 500.0}","{'precision': 1.0, 'recall': 0.97, 'f1-score': 0.9847715736040609, 'support': 500.0}","{'precision': 0.9701492537313433, 'recall': 0.13, 'f1-score': 0.2292768959435626, 'support': 500.0}","{'precision': 1.0, 'recall': 0.02, 'f1-score': 0.0392156862745098, 'support': 500.0}","{'precision': 0.973741794310722, 'recall': 0.89, 'f1-score': 0.9299895506792059, 'support': 500.0}","{'precision': 0.49648946840521563, 'recall': 0.99, 'f1-score': 0.6613226452905812, 'support': 500.0}",0.73675,"{'precision': 0.8408652076706374, 'recall': 0.73675, 'f1-score': 0.6716804666172355, 'support': 4000.0}","{'precision': 0.8408652076706375, 'recall': 0.73675, 'f1-score': 0.6716804666172355, 'support': 4000.0}",Spatter severity 5,"[0.976, 0.928, 0.99, 0.97, 0.13, 0.02, 0.89, 0.99]"
"{'precision': 0.992, 'recall': 0.992, 'f1-score': 0.992, 'support': 500.0}","{'precision': 1.0, 'recall': 0.994, 'f1-score': 0.9969909729187563, 'support': 500.0}","{'precision': 1.0, 'recall': 1.0, 'f1-score': 1.0, 'support': 500.0}","{'precision': 0.998003992015968, 'recall': 1.0, 'f1-score': 0.999000999000999, 'support': 500.0}","{'precision': 0.986, 'recall': 0.986, 'f1-score': 0.986, 'support': 500.0}","{'precision': 0.9900793650793651, 'recall': 0.998, 'f1-score': 0.9940239043824701, 'support': 500.0}","{'precision': 0.9861111111111112, 'recall': 0.994, 'f1-score': 0.9900398406374502, 'support': 500.0}","{'precision': 0.9939271255060729, 'recall': 0.982, 'f1-score': 0.9879275653923542, 'support': 500.0}",0.99325,"{'precision': 0.9932651992140646, 'recall': 0.99325, 'f1-score': 0.9932479102915037, 'support': 4000.0}","{'precision': 0.9932651992140646, 'recall': 0.99325, 'f1-score': 0.9932479102915037, 'support': 4000.0}",Speckle Noise severity 1,"[0.992, 0.994, 1.0, 1.0, 0.986, 0.998, 0.994, 0.982]"
"{'precision': 0.9938398357289527, 'recall': 0.968, 'f1-score': 0.9807497467071935, 'support': 500.0}","{'precision': 0.9893162393162394, 'recall': 0.926, 'f1-score': 0.9566115702479339, 'support': 500.0}","{'precision': 1.0, 'recall': 1.0, 'f1-score': 1.0, 'support': 500.0}","{'precision': 0.984251968503937, 'recall': 1.0, 'f1-score': 0.9920634920634921, 'support': 500.0}","{'precision': 0.9113680154142582, 'recall': 0.946, 'f1-score': 0.9283611383709519, 'support': 500.0}","{'precision': 0.9765625, 'recall': 1.0, 'f1-score': 0.9881422924901185, 'support': 500.0}","{'precision': 0.9650485436893204, 'recall': 0.994, 'f1-score': 0.9793103448275862, 'support': 500.0}","{'precision': 0.9816700610997964, 'recall': 0.964, 'f1-score': 0.9727547931382442, 'support': 500.0}",0.97475,"{'precision': 0.9752571454690631, 'recall': 0.97475, 'f1-score': 0.97474917223069, 'support': 4000.0}","{'precision': 0.9752571454690631, 'recall': 0.97475, 'f1-score': 0.97474917223069, 'support': 4000.0}",Speckle Noise severity 2,"[0.968, 0.926, 1.0, 1.0, 0.946, 1.0, 0.994, 0.964]"
"{'precision': 0.9978768577494692, 'recall': 0.94, 'f1-score': 0.9680741503604532, 'support': 500.0}","{'precision': 0.9607843137254902, 'recall': 0.882, 'f1-score': 0.9197080291970803, 'support': 500.0}","{'precision': 1.0, 'recall': 1.0, 'f1-score': 1.0, 'support': 500.0}","{'precision': 0.9784735812133072, 'recall': 1.0, 'f1-score': 0.9891196834817013, 'support': 500.0}","{'precision': 0.8773584905660378, 'recall': 0.93, 'f1-score': 0.9029126213592233, 'support': 500.0}","{'precision': 0.9765166340508806, 'recall': 0.998, 'f1-score': 0.9871414441147379, 'support': 500.0}","{'precision': 0.9558541266794626, 'recall': 0.996, 'f1-score': 0.9755142017629774, 'support': 500.0}","{'precision': 0.9738430583501007, 'recall': 0.968, 'f1-score': 0.970912738214644, 'support': 500.0}",0.96425,"{'precision': 0.9650883827918435, 'recall': 0.96425, 'f1-score': 0.9641728585613522, 'support': 4000.0}","{'precision': 0.9650883827918435, 'recall': 0.96425, 'f1-score': 0.964172858561352, 'support': 4000.0}",Speckle Noise severity 3,"[0.94, 0.882, 1.0, 1.0, 0.93, 0.998, 0.996, 0.968]"
"{'precision': 1.0, 'recall': 0.848, 'f1-score': 0.9177489177489178, 'support': 500.0}","{'precision': 0.8987603305785123, 'recall': 0.87, 'f1-score': 0.8841463414634146, 'support': 500.0}","{'precision': 1.0, 'recall': 1.0, 'f1-score': 1.0, 'support': 500.0}","{'precision': 0.9615384615384616, 'recall': 1.0, 'f1-score': 0.9803921568627451, 'support': 500.0}","{'precision': 0.8505050505050505, 'recall': 0.842, 'f1-score': 0.8462311557788945, 'support': 500.0}","{'precision': 0.9544554455445544, 'recall': 0.964, 'f1-score': 0.9592039800995025, 'support': 500.0}","{'precision': 0.9064220183486239, 'recall': 0.988, 'f1-score': 0.9454545454545454, 'support': 500.0}","{'precision': 0.8994307400379506, 'recall': 0.948, 'f1-score': 0.9230769230769231, 'support': 500.0}",0.9325,"{'precision': 0.9338890058191442, 'recall': 0.9325, 'f1-score': 0.9320317525606179, 'support': 4000.0}","{'precision': 0.9338890058191441, 'recall': 0.9325, 'f1-score': 0.9320317525606179, 'support': 4000.0}",Speckle Noise severity 4,"[0.848, 0.87, 1.0, 1.0, 0.842, 0.964, 0.988, 0.948]"
"{'precision': 1.0, 'recall': 0.754, 'f1-score': 0.8597491448118586, 'support': 500.0}","{'precision': 0.8373015873015873, 'recall': 0.844, 'f1-score': 0.8406374501992032, 'support': 500.0}","{'precision': 1.0, 'recall': 1.0, 'f1-score': 1.0, 'support': 500.0}","{'precision': 0.9502868068833652, 'recall': 0.994, 'f1-score': 0.9716520039100685, 'support': 500.0}","{'precision': 0.8216867469879519, 'recall': 0.682, 'f1-score': 0.7453551912568306, 'support': 500.0}","{'precision': 0.934156378600823, 'recall': 0.908, 'f1-score': 0.920892494929006, 'support': 500.0}","{'precision': 0.8104575163398693, 'recall': 0.992, 'f1-score': 0.8920863309352518, 'support': 500.0}","{'precision': 0.7838765008576329, 'recall': 0.914, 'f1-score': 0.8439519852262235, 'support': 500.0}",0.886,"{'precision': 0.8922206921214038, 'recall': 0.886, 'f1-score': 0.8842905751585552, 'support': 4000.0}","{'precision': 0.8922206921214036, 'recall': 0.886, 'f1-score': 0.8842905751585552, 'support': 4000.0}",Speckle Noise severity 5,"[0.754, 0.844, 1.0, 0.994, 0.682, 0.908, 0.992, 0.914]"
"{'precision': 0.9920477137176938, 'recall': 0.998, 'f1-score': 0.9950149551345963, 'support': 500.0}","{'precision': 1.0, 'recall': 0.996, 'f1-score': 0.9979959919839679, 'support': 500.0}","{'precision': 1.0, 'recall': 1.0, 'f1-score': 1.0, 'support': 500.0}","{'precision': 0.9960159362549801, 'recall': 1.0, 'f1-score': 0.998003992015968, 'support': 500.0}","{'precision': 1.0, 'recall': 0.988, 'f1-score': 0.993963782696177, 'support': 500.0}","{'precision': 0.984251968503937, 'recall': 1.0, 'f1-score': 0.9920634920634921, 'support': 500.0}","{'precision': 1.0, 'recall': 0.926, 'f1-score': 0.9615784008307373, 'support': 500.0}","{'precision': 0.9379699248120301, 'recall': 0.998, 'f1-score': 0.9670542635658915, 'support': 500.0}",0.98825,"{'precision': 0.9887856929110801, 'recall': 0.98825, 'f1-score': 0.9882093597863537, 'support': 4000.0}","{'precision': 0.9887856929110801, 'recall': 0.98825, 'f1-score': 0.9882093597863538, 'support': 4000.0}",Zoom Blur severity 1,"[0.998, 0.996, 1.0, 1.0, 0.988, 1.0, 0.926, 0.998]"
"{'precision': 0.9023508137432188, 'recall': 0.998, 'f1-score': 0.9477682811016145, 'support': 500.0}","{'precision': 0.9978858350951374, 'recall': 0.944, 'f1-score': 0.9701952723535457, 'support': 500.0}","{'precision': 1.0, 'recall': 1.0, 'f1-score': 1.0, 'support': 500.0}","{'precision': 0.9960159362549801, 'recall': 1.0, 'f1-score': 0.998003992015968, 'support': 500.0}","{'precision': 0.9878542510121457, 'recall': 0.976, 'f1-score': 0.9818913480885312, 'support': 500.0}","{'precision': 0.9380863039399625, 'recall': 1.0, 'f1-score': 0.968054211035818, 'support': 500.0}","{'precision': 0.9969418960244648, 'recall': 0.652, 'f1-score': 0.788391777509069, 'support': 500.0}","{'precision': 0.7880258899676376, 'recall': 0.974, 'f1-score': 0.8711985688729875, 'support': 500.0}",0.943,"{'precision': 0.9508951157546933, 'recall': 0.9430000000000001, 'f1-score': 0.9406879313721916, 'support': 4000.0}","{'precision': 0.9508951157546933, 'recall': 0.943, 'f1-score': 0.9406879313721918, 'support': 4000.0}",Zoom Blur severity 2,"[0.998, 0.944, 1.0, 1.0, 0.976, 1.0, 0.652, 0.974]"
"{'precision': 0.7736434108527132, 'recall': 0.998, 'f1-score': 0.8716157205240175, 'support': 500.0}","{'precision': 0.9930875576036866, 'recall': 0.862, 'f1-score': 0.9229122055674518, 'support': 500.0}","{'precision': 1.0, 'recall': 1.0, 'f1-score': 1.0, 'support': 500.0}","{'precision': 0.9960159362549801, 'recall': 1.0, 'f1-score': 0.998003992015968, 'support': 500.0}","{'precision': 0.9634146341463414, 'recall': 0.948, 'f1-score': 0.9556451612903226, 'support': 500.0}","{'precision': 0.851027397260274, 'recall': 0.994, 'f1-score': 0.9169741697416974, 'support': 500.0}","{'precision': 0.9905660377358491, 'recall': 0.42, 'f1-score': 0.5898876404494382, 'support': 500.0}","{'precision': 0.7337559429477021, 'recall': 0.926, 'f1-score': 0.8187444739168878, 'support': 500.0}",0.8935,"{'precision': 0.9126888646001934, 'recall': 0.8935, 'f1-score': 0.8842229204382229, 'support': 4000.0}","{'precision': 0.9126888646001934, 'recall': 0.8935, 'f1-score': 0.8842229204382229, 'support': 4000.0}",Zoom Blur severity 3,"[0.998, 0.862, 1.0, 1.0, 0.948, 0.994, 0.42, 0.926]"
"{'precision': 0.7128571428571429, 'recall': 0.998, 'f1-score': 0.8316666666666667, 'support': 500.0}","{'precision': 0.9530864197530864, 'recall': 0.772, 'f1-score': 0.8530386740331491, 'support': 500.0}","{'precision': 0.998003992015968, 'recall': 1.0, 'f1-score': 0.999000999000999, 'support': 500.0}","{'precision': 0.9940239043824701, 'recall': 0.998, 'f1-score': 0.9960079840319361, 'support': 500.0}","{'precision': 0.9173228346456693, 'recall': 0.932, 'f1-score': 0.9246031746031746, 'support': 500.0}","{'precision': 0.7753164556962026, 'recall': 0.98, 'f1-score': 0.8657243816254417, 'support': 500.0}","{'precision': 0.9850746268656716, 'recall': 0.264, 'f1-score': 0.416403785488959, 'support': 500.0}","{'precision': 0.6941747572815534, 'recall': 0.858, 'f1-score': 0.7674418604651163, 'support': 500.0}",0.85025,"{'precision': 0.8787325166872205, 'recall': 0.85025, 'f1-score': 0.8317359407394304, 'support': 4000.0}","{'precision': 0.8787325166872206, 'recall': 0.85025, 'f1-score': 0.8317359407394304, 'support': 4000.0}",Zoom Blur severity 4,"[0.998, 0.772, 1.0, 0.998, 0.932, 0.98, 0.264, 0.858]"
"{'precision': 0.6313131313131313, 'recall': 1.0, 'f1-score': 0.7739938080495357, 'support': 500.0}","{'precision': 0.8689839572192514, 'recall': 0.65, 'f1-score': 0.7437070938215103, 'support': 500.0}","{'precision': 0.9920634920634921, 'recall': 1.0, 'f1-score': 0.9960159362549801, 'support': 500.0}","{'precision': 0.9940239043824701, 'recall': 0.998, 'f1-score': 0.9960079840319361, 'support': 500.0}","{'precision': 0.8779527559055118, 'recall': 0.892, 'f1-score': 0.8849206349206349, 'support': 500.0}","{'precision': 0.6652777777777777, 'recall': 0.958, 'f1-score': 0.7852459016393443, 'support': 500.0}","{'precision': 0.9705882352941176, 'recall': 0.132, 'f1-score': 0.2323943661971831, 'support': 500.0}","{'precision': 0.6654135338345865, 'recall': 0.708, 'f1-score': 0.686046511627907, 'support': 500.0}",0.79225,"{'precision': 0.8332020984737922, 'recall': 0.7922499999999999, 'f1-score': 0.7622915295678789, 'support': 4000.0}","{'precision': 0.8332020984737922, 'recall': 0.79225, 'f1-score': 0.7622915295678789, 'support': 4000.0}",Zoom Blur severity 5,"[1.0, 0.65, 1.0, 0.998, 0.892, 0.958, 0.132, 0.708]"
