0,1,2,3,4,5,6,7,accuracy,macro avg,weighted avg,corruption,acuraciaPorClasse
"{'precision': 1.0, 'recall': 1.0, 'f1-score': 1.0, 'support': 500.0}","{'precision': 1.0, 'recall': 1.0, 'f1-score': 1.0, 'support': 500.0}","{'precision': 1.0, 'recall': 1.0, 'f1-score': 1.0, 'support': 500.0}","{'precision': 0.998003992015968, 'recall': 1.0, 'f1-score': 0.999000999000999, 'support': 500.0}","{'precision': 1.0, 'recall': 1.0, 'f1-score': 1.0, 'support': 500.0}","{'precision': 1.0, 'recall': 1.0, 'f1-score': 1.0, 'support': 500.0}","{'precision': 0.9979879275653923, 'recall': 0.992, 'f1-score': 0.9949849548645938, 'support': 500.0}","{'precision': 0.9940239043824701, 'recall': 0.998, 'f1-score': 0.9960079840319361, 'support': 500.0}",0.99875,"{'precision': 0.9987519779954788, 'recall': 0.99875, 'f1-score': 0.9987492422371911, 'support': 4000.0}","{'precision': 0.9987519779954788, 'recall': 0.99875, 'f1-score': 0.9987492422371911, 'support': 4000.0}",Brightness severity 1,"[1.0, 1.0, 1.0, 1.0, 1.0, 1.0, 0.992, 0.998]"
"{'precision': 1.0, 'recall': 1.0, 'f1-score': 1.0, 'support': 500.0}","{'precision': 1.0, 'recall': 1.0, 'f1-score': 1.0, 'support': 500.0}","{'precision': 1.0, 'recall': 1.0, 'f1-score': 1.0, 'support': 500.0}","{'precision': 0.998003992015968, 'recall': 1.0, 'f1-score': 0.999000999000999, 'support': 500.0}","{'precision': 1.0, 'recall': 1.0, 'f1-score': 1.0, 'support': 500.0}","{'precision': 0.998003992015968, 'recall': 1.0, 'f1-score': 0.999000999000999, 'support': 500.0}","{'precision': 0.9959839357429718, 'recall': 0.992, 'f1-score': 0.9939879759519038, 'support': 500.0}","{'precision': 0.994, 'recall': 0.994, 'f1-score': 0.994, 'support': 500.0}",0.99825,"{'precision': 0.9982489899718634, 'recall': 0.99825, 'f1-score': 0.9982487467442377, 'support': 4000.0}","{'precision': 0.9982489899718635, 'recall': 0.99825, 'f1-score': 0.9982487467442377, 'support': 4000.0}",Brightness severity 2,"[1.0, 1.0, 1.0, 1.0, 1.0, 1.0, 0.992, 0.994]"
"{'precision': 1.0, 'recall': 1.0, 'f1-score': 1.0, 'support': 500.0}","{'precision': 1.0, 'recall': 1.0, 'f1-score': 1.0, 'support': 500.0}","{'precision': 1.0, 'recall': 1.0, 'f1-score': 1.0, 'support': 500.0}","{'precision': 0.998003992015968, 'recall': 1.0, 'f1-score': 0.999000999000999, 'support': 500.0}","{'precision': 1.0, 'recall': 0.998, 'f1-score': 0.998998998998999, 'support': 500.0}","{'precision': 0.9960159362549801, 'recall': 1.0, 'f1-score': 0.998003992015968, 'support': 500.0}","{'precision': 0.992, 'recall': 0.992, 'f1-score': 0.992, 'support': 500.0}","{'precision': 0.9939759036144579, 'recall': 0.99, 'f1-score': 0.9919839679358717, 'support': 500.0}",0.9975,"{'precision': 0.9974994789856757, 'recall': 0.9975, 'f1-score': 0.9974984947439798, 'support': 4000.0}","{'precision': 0.9974994789856757, 'recall': 0.9975, 'f1-score': 0.9974984947439798, 'support': 4000.0}",Brightness severity 3,"[1.0, 1.0, 1.0, 1.0, 0.998, 1.0, 0.992, 0.99]"
"{'precision': 0.9960159362549801, 'recall': 1.0, 'f1-score': 0.998003992015968, 'support': 500.0}","{'precision': 1.0, 'recall': 0.998, 'f1-score': 0.998998998998999, 'support': 500.0}","{'precision': 1.0, 'recall': 1.0, 'f1-score': 1.0, 'support': 500.0}","{'precision': 0.998003992015968, 'recall': 1.0, 'f1-score': 0.999000999000999, 'support': 500.0}","{'precision': 0.9959839357429718, 'recall': 0.992, 'f1-score': 0.9939879759519038, 'support': 500.0}","{'precision': 0.9900990099009901, 'recall': 1.0, 'f1-score': 0.9950248756218906, 'support': 500.0}","{'precision': 0.9799196787148594, 'recall': 0.976, 'f1-score': 0.9779559118236473, 'support': 500.0}","{'precision': 0.9818913480885312, 'recall': 0.976, 'f1-score': 0.9789368104312939, 'support': 500.0}",0.99275,"{'precision': 0.9927392375897875, 'recall': 0.99275, 'f1-score': 0.9927386954805877, 'support': 4000.0}","{'precision': 0.9927392375897875, 'recall': 0.99275, 'f1-score': 0.9927386954805877, 'support': 4000.0}",Brightness severity 4,"[1.0, 0.998, 1.0, 1.0, 0.992, 1.0, 0.976, 0.976]"
"{'precision': 0.9487666034155597, 'recall': 1.0, 'f1-score': 0.9737098344693281, 'support': 500.0}","{'precision': 1.0, 'recall': 0.952, 'f1-score': 0.9754098360655737, 'support': 500.0}","{'precision': 1.0, 'recall': 1.0, 'f1-score': 1.0, 'support': 500.0}","{'precision': 0.998003992015968, 'recall': 1.0, 'f1-score': 0.999000999000999, 'support': 500.0}","{'precision': 0.9815195071868583, 'recall': 0.956, 'f1-score': 0.9685916919959473, 'support': 500.0}","{'precision': 0.970873786407767, 'recall': 1.0, 'f1-score': 0.9852216748768473, 'support': 500.0}","{'precision': 0.9609856262833676, 'recall': 0.936, 'f1-score': 0.9483282674772037, 'support': 500.0}","{'precision': 0.9408284023668639, 'recall': 0.954, 'f1-score': 0.9473684210526315, 'support': 500.0}",0.97475,"{'precision': 0.975122239709548, 'recall': 0.97475, 'f1-score': 0.9747038406173163, 'support': 4000.0}","{'precision': 0.9751222397095481, 'recall': 0.97475, 'f1-score': 0.9747038406173163, 'support': 4000.0}",Brightness severity 5,"[1.0, 0.952, 1.0, 1.0, 0.956, 1.0, 0.936, 0.954]"
"{'precision': 1.0, 'recall': 1.0, 'f1-score': 1.0, 'support': 500.0}","{'precision': 1.0, 'recall': 1.0, 'f1-score': 1.0, 'support': 500.0}","{'precision': 1.0, 'recall': 1.0, 'f1-score': 1.0, 'support': 500.0}","{'precision': 0.9960159362549801, 'recall': 1.0, 'f1-score': 0.998003992015968, 'support': 500.0}","{'precision': 1.0, 'recall': 0.996, 'f1-score': 0.9979959919839679, 'support': 500.0}","{'precision': 1.0, 'recall': 1.0, 'f1-score': 1.0, 'support': 500.0}","{'precision': 0.994, 'recall': 0.994, 'f1-score': 0.994, 'support': 500.0}","{'precision': 0.996, 'recall': 0.996, 'f1-score': 0.996, 'support': 500.0}",0.99825,"{'precision': 0.9982519920318725, 'recall': 0.99825, 'f1-score': 0.9982499979999919, 'support': 4000.0}","{'precision': 0.9982519920318725, 'recall': 0.99825, 'f1-score': 0.998249997999992, 'support': 4000.0}",Contrast severity 1,"[1.0, 1.0, 1.0, 1.0, 0.996, 1.0, 0.994, 0.996]"
"{'precision': 0.9879032258064516, 'recall': 0.98, 'f1-score': 0.9839357429718876, 'support': 500.0}","{'precision': 1.0, 'recall': 0.992, 'f1-score': 0.9959839357429718, 'support': 500.0}","{'precision': 1.0, 'recall': 1.0, 'f1-score': 1.0, 'support': 500.0}","{'precision': 0.9746588693957114, 'recall': 1.0, 'f1-score': 0.9871668311944719, 'support': 500.0}","{'precision': 0.9959839357429718, 'recall': 0.992, 'f1-score': 0.9939879759519038, 'support': 500.0}","{'precision': 0.998, 'recall': 0.998, 'f1-score': 0.998, 'support': 500.0}","{'precision': 0.9763779527559056, 'recall': 0.992, 'f1-score': 0.9841269841269841, 'support': 500.0}","{'precision': 0.9959100204498977, 'recall': 0.974, 'f1-score': 0.9848331648129424, 'support': 500.0}",0.991,"{'precision': 0.9911042505188672, 'recall': 0.991, 'f1-score': 0.9910043293501452, 'support': 4000.0}","{'precision': 0.9911042505188673, 'recall': 0.991, 'f1-score': 0.9910043293501452, 'support': 4000.0}",Contrast severity 2,"[0.98, 0.992, 1.0, 1.0, 0.992, 0.998, 0.992, 0.974]"
"{'precision': 0.939922480620155, 'recall': 0.97, 'f1-score': 0.9547244094488189, 'support': 500.0}","{'precision': 1.0, 'recall': 0.938, 'f1-score': 0.9680082559339526, 'support': 500.0}","{'precision': 1.0, 'recall': 1.0, 'f1-score': 1.0, 'support': 500.0}","{'precision': 0.9560229445506692, 'recall': 1.0, 'f1-score': 0.9775171065493646, 'support': 500.0}","{'precision': 0.9779559118236473, 'recall': 0.976, 'f1-score': 0.9769769769769769, 'support': 500.0}","{'precision': 0.9900398406374502, 'recall': 0.994, 'f1-score': 0.9920159680638723, 'support': 500.0}","{'precision': 0.9702970297029703, 'recall': 0.98, 'f1-score': 0.9751243781094527, 'support': 500.0}","{'precision': 0.98559670781893, 'recall': 0.958, 'f1-score': 0.9716024340770791, 'support': 500.0}",0.977,"{'precision': 0.9774793643942278, 'recall': 0.977, 'f1-score': 0.9769961911449396, 'support': 4000.0}","{'precision': 0.9774793643942278, 'recall': 0.977, 'f1-score': 0.9769961911449395, 'support': 4000.0}",Contrast severity 3,"[0.97, 0.938, 1.0, 1.0, 0.976, 0.994, 0.98, 0.958]"
"{'precision': 0.8169257340241797, 'recall': 0.946, 'f1-score': 0.8767377201112141, 'support': 500.0}","{'precision': 1.0, 'recall': 0.754, 'f1-score': 0.8597491448118586, 'support': 500.0}","{'precision': 0.998003992015968, 'recall': 1.0, 'f1-score': 0.999000999000999, 'support': 500.0}","{'precision': 0.9090909090909091, 'recall': 1.0, 'f1-score': 0.9523809523809523, 'support': 500.0}","{'precision': 0.9281314168377823, 'recall': 0.904, 'f1-score': 0.9159067882472138, 'support': 500.0}","{'precision': 0.9185185185185185, 'recall': 0.992, 'f1-score': 0.9538461538461539, 'support': 500.0}","{'precision': 0.923679060665362, 'recall': 0.944, 'f1-score': 0.933728981206726, 'support': 500.0}","{'precision': 0.9582417582417583, 'recall': 0.872, 'f1-score': 0.9130890052356021, 'support': 500.0}",0.9265,"{'precision': 0.9315739236743097, 'recall': 0.9265, 'f1-score': 0.9255549681050901, 'support': 4000.0}","{'precision': 0.9315739236743098, 'recall': 0.9265, 'f1-score': 0.92555496810509, 'support': 4000.0}",Contrast severity 4,"[0.946, 0.754, 1.0, 1.0, 0.904, 0.992, 0.944, 0.872]"
"{'precision': 0.4043887147335423, 'recall': 0.774, 'f1-score': 0.5312285518188058, 'support': 500.0}","{'precision': 1.0, 'recall': 0.206, 'f1-score': 0.3416252072968491, 'support': 500.0}","{'precision': 0.9940357852882704, 'recall': 1.0, 'f1-score': 0.9970089730807578, 'support': 500.0}","{'precision': 0.6863309352517986, 'recall': 0.954, 'f1-score': 0.798326359832636, 'support': 500.0}","{'precision': 0.8324022346368715, 'recall': 0.298, 'f1-score': 0.43888070692194403, 'support': 500.0}","{'precision': 0.4894472361809045, 'recall': 0.974, 'f1-score': 0.651505016722408, 'support': 500.0}","{'precision': 0.7817109144542773, 'recall': 0.53, 'f1-score': 0.6317044100119189, 'support': 500.0}","{'precision': 0.8602620087336245, 'recall': 0.394, 'f1-score': 0.5404663923182441, 'support': 500.0}",0.64125,"{'precision': 0.7560722286599111, 'recall': 0.6412500000000001, 'f1-score': 0.6163432022504455, 'support': 4000.0}","{'precision': 0.7560722286599112, 'recall': 0.64125, 'f1-score': 0.6163432022504455, 'support': 4000.0}",Contrast severity 5,"[0.774, 0.206, 1.0, 0.954, 0.298, 0.974, 0.53, 0.394]"
"{'precision': 1.0, 'recall': 1.0, 'f1-score': 1.0, 'support': 500.0}","{'precision': 1.0, 'recall': 1.0, 'f1-score': 1.0, 'support': 500.0}","{'precision': 1.0, 'recall': 1.0, 'f1-score': 1.0, 'support': 500.0}","{'precision': 0.9960159362549801, 'recall': 1.0, 'f1-score': 0.998003992015968, 'support': 500.0}","{'precision': 1.0, 'recall': 0.996, 'f1-score': 0.9979959919839679, 'support': 500.0}","{'precision': 1.0, 'recall': 1.0, 'f1-score': 1.0, 'support': 500.0}","{'precision': 0.9979959919839679, 'recall': 0.996, 'f1-score': 0.996996996996997, 'support': 500.0}","{'precision': 0.9960079840319361, 'recall': 0.998, 'f1-score': 0.997002997002997, 'support': 500.0}",0.99875,"{'precision': 0.9987524890338605, 'recall': 0.99875, 'f1-score': 0.9987499972499911, 'support': 4000.0}","{'precision': 0.9987524890338606, 'recall': 0.99875, 'f1-score': 0.9987499972499913, 'support': 4000.0}",Defocus Blur severity 1,"[1.0, 1.0, 1.0, 1.0, 0.996, 1.0, 0.996, 0.998]"
"{'precision': 1.0, 'recall': 1.0, 'f1-score': 1.0, 'support': 500.0}","{'precision': 1.0, 'recall': 1.0, 'f1-score': 1.0, 'support': 500.0}","{'precision': 1.0, 'recall': 1.0, 'f1-score': 1.0, 'support': 500.0}","{'precision': 0.9960159362549801, 'recall': 1.0, 'f1-score': 0.998003992015968, 'support': 500.0}","{'precision': 1.0, 'recall': 0.996, 'f1-score': 0.9979959919839679, 'support': 500.0}","{'precision': 1.0, 'recall': 1.0, 'f1-score': 1.0, 'support': 500.0}","{'precision': 0.9979919678714859, 'recall': 0.994, 'f1-score': 0.9959919839679359, 'support': 500.0}","{'precision': 0.9940239043824701, 'recall': 0.998, 'f1-score': 0.9960079840319361, 'support': 500.0}",0.9985,"{'precision': 0.998503976063617, 'recall': 0.9984999999999999, 'f1-score': 0.9984999939999759, 'support': 4000.0}","{'precision': 0.9985039760636171, 'recall': 0.9985, 'f1-score': 0.998499993999976, 'support': 4000.0}",Defocus Blur severity 2,"[1.0, 1.0, 1.0, 1.0, 0.996, 1.0, 0.994, 0.998]"
"{'precision': 1.0, 'recall': 1.0, 'f1-score': 1.0, 'support': 500.0}","{'precision': 1.0, 'recall': 1.0, 'f1-score': 1.0, 'support': 500.0}","{'precision': 1.0, 'recall': 1.0, 'f1-score': 1.0, 'support': 500.0}","{'precision': 0.9940357852882704, 'recall': 1.0, 'f1-score': 0.9970089730807578, 'support': 500.0}","{'precision': 1.0, 'recall': 0.996, 'f1-score': 0.9979959919839679, 'support': 500.0}","{'precision': 1.0, 'recall': 1.0, 'f1-score': 1.0, 'support': 500.0}","{'precision': 0.9959839357429718, 'recall': 0.992, 'f1-score': 0.9939879759519038, 'support': 500.0}","{'precision': 0.9940119760479041, 'recall': 0.996, 'f1-score': 0.995004995004995, 'support': 500.0}",0.998,"{'precision': 0.9980039621348933, 'recall': 0.998, 'f1-score': 0.9979997420027031, 'support': 4000.0}","{'precision': 0.9980039621348933, 'recall': 0.998, 'f1-score': 0.997999742002703, 'support': 4000.0}",Defocus Blur severity 3,"[1.0, 1.0, 1.0, 1.0, 0.996, 1.0, 0.992, 0.996]"
"{'precision': 1.0, 'recall': 1.0, 'f1-score': 1.0, 'support': 500.0}","{'precision': 1.0, 'recall': 1.0, 'f1-score': 1.0, 'support': 500.0}","{'precision': 1.0, 'recall': 1.0, 'f1-score': 1.0, 'support': 500.0}","{'precision': 0.9940357852882704, 'recall': 1.0, 'f1-score': 0.9970089730807578, 'support': 500.0}","{'precision': 1.0, 'recall': 0.996, 'f1-score': 0.9979959919839679, 'support': 500.0}","{'precision': 1.0, 'recall': 1.0, 'f1-score': 1.0, 'support': 500.0}","{'precision': 0.9959839357429718, 'recall': 0.992, 'f1-score': 0.9939879759519038, 'support': 500.0}","{'precision': 0.9940119760479041, 'recall': 0.996, 'f1-score': 0.995004995004995, 'support': 500.0}",0.998,"{'precision': 0.9980039621348933, 'recall': 0.998, 'f1-score': 0.9979997420027031, 'support': 4000.0}","{'precision': 0.9980039621348933, 'recall': 0.998, 'f1-score': 0.997999742002703, 'support': 4000.0}",Defocus Blur severity 4,"[1.0, 1.0, 1.0, 1.0, 0.996, 1.0, 0.992, 0.996]"
"{'precision': 0.998, 'recall': 0.998, 'f1-score': 0.998, 'support': 500.0}","{'precision': 1.0, 'recall': 1.0, 'f1-score': 1.0, 'support': 500.0}","{'precision': 1.0, 'recall': 1.0, 'f1-score': 1.0, 'support': 500.0}","{'precision': 0.9920634920634921, 'recall': 1.0, 'f1-score': 0.9960159362549801, 'support': 500.0}","{'precision': 1.0, 'recall': 0.994, 'f1-score': 0.9969909729187563, 'support': 500.0}","{'precision': 1.0, 'recall': 1.0, 'f1-score': 1.0, 'support': 500.0}","{'precision': 0.9959839357429718, 'recall': 0.992, 'f1-score': 0.9939879759519038, 'support': 500.0}","{'precision': 0.9940119760479041, 'recall': 0.996, 'f1-score': 0.995004995004995, 'support': 500.0}",0.9975,"{'precision': 0.997507425481796, 'recall': 0.9975, 'f1-score': 0.9974999850163294, 'support': 4000.0}","{'precision': 0.9975074254817959, 'recall': 0.9975, 'f1-score': 0.9974999850163294, 'support': 4000.0}",Defocus Blur severity 5,"[0.998, 1.0, 1.0, 1.0, 0.994, 1.0, 0.992, 0.996]"
"{'precision': 0.998003992015968, 'recall': 1.0, 'f1-score': 0.999000999000999, 'support': 500.0}","{'precision': 1.0, 'recall': 1.0, 'f1-score': 1.0, 'support': 500.0}","{'precision': 1.0, 'recall': 1.0, 'f1-score': 1.0, 'support': 500.0}","{'precision': 0.9960159362549801, 'recall': 1.0, 'f1-score': 0.998003992015968, 'support': 500.0}","{'precision': 1.0, 'recall': 0.994, 'f1-score': 0.9969909729187563, 'support': 500.0}","{'precision': 1.0, 'recall': 1.0, 'f1-score': 1.0, 'support': 500.0}","{'precision': 0.9979919678714859, 'recall': 0.994, 'f1-score': 0.9959919839679359, 'support': 500.0}","{'precision': 0.9940239043824701, 'recall': 0.998, 'f1-score': 0.9960079840319361, 'support': 500.0}",0.99825,"{'precision': 0.998254475065613, 'recall': 0.99825, 'f1-score': 0.9982494914919494, 'support': 4000.0}","{'precision': 0.998254475065613, 'recall': 0.99825, 'f1-score': 0.9982494914919493, 'support': 4000.0}",Elastic severity 1,"[1.0, 1.0, 1.0, 1.0, 0.994, 1.0, 0.994, 0.998]"
"{'precision': 1.0, 'recall': 1.0, 'f1-score': 1.0, 'support': 500.0}","{'precision': 1.0, 'recall': 1.0, 'f1-score': 1.0, 'support': 500.0}","{'precision': 1.0, 'recall': 1.0, 'f1-score': 1.0, 'support': 500.0}","{'precision': 0.9940357852882704, 'recall': 1.0, 'f1-score': 0.9970089730807578, 'support': 500.0}","{'precision': 1.0, 'recall': 0.996, 'f1-score': 0.9979959919839679, 'support': 500.0}","{'precision': 1.0, 'recall': 0.998, 'f1-score': 0.998998998998999, 'support': 500.0}","{'precision': 0.994, 'recall': 0.994, 'f1-score': 0.994, 'support': 500.0}","{'precision': 0.994, 'recall': 0.994, 'f1-score': 0.994, 'support': 500.0}",0.99775,"{'precision': 0.9977544731610337, 'recall': 0.99775, 'f1-score': 0.9977504955079657, 'support': 4000.0}","{'precision': 0.9977544731610337, 'recall': 0.99775, 'f1-score': 0.9977504955079656, 'support': 4000.0}",Elastic severity 2,"[1.0, 1.0, 1.0, 1.0, 0.996, 0.998, 0.994, 0.994]"
"{'precision': 1.0, 'recall': 1.0, 'f1-score': 1.0, 'support': 500.0}","{'precision': 1.0, 'recall': 1.0, 'f1-score': 1.0, 'support': 500.0}","{'precision': 1.0, 'recall': 1.0, 'f1-score': 1.0, 'support': 500.0}","{'precision': 0.9940357852882704, 'recall': 1.0, 'f1-score': 0.9970089730807578, 'support': 500.0}","{'precision': 1.0, 'recall': 0.996, 'f1-score': 0.9979959919839679, 'support': 500.0}","{'precision': 1.0, 'recall': 1.0, 'f1-score': 1.0, 'support': 500.0}","{'precision': 0.9979879275653923, 'recall': 0.992, 'f1-score': 0.9949849548645938, 'support': 500.0}","{'precision': 0.9940239043824701, 'recall': 0.998, 'f1-score': 0.9960079840319361, 'support': 500.0}",0.99825,"{'precision': 0.9982559521545166, 'recall': 0.99825, 'f1-score': 0.9982497379951569, 'support': 4000.0}","{'precision': 0.9982559521545166, 'recall': 0.99825, 'f1-score': 0.9982497379951569, 'support': 4000.0}",Elastic severity 3,"[1.0, 1.0, 1.0, 1.0, 0.996, 1.0, 0.992, 0.998]"
"{'precision': 1.0, 'recall': 1.0, 'f1-score': 1.0, 'support': 500.0}","{'precision': 1.0, 'recall': 1.0, 'f1-score': 1.0, 'support': 500.0}","{'precision': 1.0, 'recall': 1.0, 'f1-score': 1.0, 'support': 500.0}","{'precision': 0.9960159362549801, 'recall': 1.0, 'f1-score': 0.998003992015968, 'support': 500.0}","{'precision': 1.0, 'recall': 0.988, 'f1-score': 0.993963782696177, 'support': 500.0}","{'precision': 1.0, 'recall': 0.996, 'f1-score': 0.9979959919839679, 'support': 500.0}","{'precision': 0.9959839357429718, 'recall': 0.992, 'f1-score': 0.9939879759519038, 'support': 500.0}","{'precision': 0.9803149606299213, 'recall': 0.996, 'f1-score': 0.9880952380952381, 'support': 500.0}",0.9965,"{'precision': 0.9965393540784842, 'recall': 0.9964999999999999, 'f1-score': 0.9965058725929068, 'support': 4000.0}","{'precision': 0.9965393540784842, 'recall': 0.9965, 'f1-score': 0.9965058725929068, 'support': 4000.0}",Elastic severity 4,"[1.0, 1.0, 1.0, 1.0, 0.988, 0.996, 0.992, 0.996]"
"{'precision': 1.0, 'recall': 0.978, 'f1-score': 0.9888776541961577, 'support': 500.0}","{'precision': 0.9765625, 'recall': 1.0, 'f1-score': 0.9881422924901185, 'support': 500.0}","{'precision': 1.0, 'recall': 1.0, 'f1-score': 1.0, 'support': 500.0}","{'precision': 0.9940357852882704, 'recall': 1.0, 'f1-score': 0.9970089730807578, 'support': 500.0}","{'precision': 0.9979338842975206, 'recall': 0.966, 'f1-score': 0.9817073170731707, 'support': 500.0}","{'precision': 0.9879518072289156, 'recall': 0.984, 'f1-score': 0.9859719438877755, 'support': 500.0}","{'precision': 0.9900596421471173, 'recall': 0.996, 'f1-score': 0.9930209371884346, 'support': 500.0}","{'precision': 0.9667318982387475, 'recall': 0.988, 'f1-score': 0.9772502472799208, 'support': 500.0}",0.989,"{'precision': 0.9891594396500714, 'recall': 0.989, 'f1-score': 0.988997420649542, 'support': 4000.0}","{'precision': 0.9891594396500714, 'recall': 0.989, 'f1-score': 0.988997420649542, 'support': 4000.0}",Elastic severity 5,"[0.978, 1.0, 1.0, 1.0, 0.966, 0.984, 0.996, 0.988]"
"{'precision': 1.0, 'recall': 1.0, 'f1-score': 1.0, 'support': 500.0}","{'precision': 1.0, 'recall': 1.0, 'f1-score': 1.0, 'support': 500.0}","{'precision': 1.0, 'recall': 1.0, 'f1-score': 1.0, 'support': 500.0}","{'precision': 0.9940357852882704, 'recall': 1.0, 'f1-score': 0.9970089730807578, 'support': 500.0}","{'precision': 1.0, 'recall': 0.996, 'f1-score': 0.9979959919839679, 'support': 500.0}","{'precision': 1.0, 'recall': 1.0, 'f1-score': 1.0, 'support': 500.0}","{'precision': 0.9959919839679359, 'recall': 0.994, 'f1-score': 0.994994994994995, 'support': 500.0}","{'precision': 0.996, 'recall': 0.996, 'f1-score': 0.996, 'support': 500.0}",0.99825,"{'precision': 0.9982534711570258, 'recall': 0.99825, 'f1-score': 0.998249995007465, 'support': 4000.0}","{'precision': 0.9982534711570259, 'recall': 0.99825, 'f1-score': 0.998249995007465, 'support': 4000.0}",Fog severity 1,"[1.0, 1.0, 1.0, 1.0, 0.996, 1.0, 0.994, 0.996]"
"{'precision': 1.0, 'recall': 0.992, 'f1-score': 0.9959839357429718, 'support': 500.0}","{'precision': 1.0, 'recall': 1.0, 'f1-score': 1.0, 'support': 500.0}","{'precision': 1.0, 'recall': 1.0, 'f1-score': 1.0, 'support': 500.0}","{'precision': 0.9940357852882704, 'recall': 1.0, 'f1-score': 0.9970089730807578, 'support': 500.0}","{'precision': 1.0, 'recall': 0.996, 'f1-score': 0.9979959919839679, 'support': 500.0}","{'precision': 0.998003992015968, 'recall': 1.0, 'f1-score': 0.999000999000999, 'support': 500.0}","{'precision': 0.9880952380952381, 'recall': 0.996, 'f1-score': 0.9920318725099602, 'support': 500.0}","{'precision': 0.9959839357429718, 'recall': 0.992, 'f1-score': 0.9939879759519038, 'support': 500.0}",0.997,"{'precision': 0.997014868892806, 'recall': 0.997, 'f1-score': 0.9970012185338202, 'support': 4000.0}","{'precision': 0.997014868892806, 'recall': 0.997, 'f1-score': 0.9970012185338201, 'support': 4000.0}",Fog severity 2,"[0.992, 1.0, 1.0, 1.0, 0.996, 1.0, 0.996, 0.992]"
"{'precision': 0.9763313609467456, 'recall': 0.99, 'f1-score': 0.9831181727904668, 'support': 500.0}","{'precision': 1.0, 'recall': 0.984, 'f1-score': 0.9919354838709677, 'support': 500.0}","{'precision': 1.0, 'recall': 1.0, 'f1-score': 1.0, 'support': 500.0}","{'precision': 0.9881422924901185, 'recall': 1.0, 'f1-score': 0.9940357852882704, 'support': 500.0}","{'precision': 0.9959432048681541, 'recall': 0.982, 'f1-score': 0.9889224572004028, 'support': 500.0}","{'precision': 0.9960159362549801, 'recall': 1.0, 'f1-score': 0.998003992015968, 'support': 500.0}","{'precision': 0.9763313609467456, 'recall': 0.99, 'f1-score': 0.9831181727904668, 'support': 500.0}","{'precision': 0.9898580121703854, 'recall': 0.976, 'f1-score': 0.9828801611278952, 'support': 500.0}",0.99025,"{'precision': 0.9903277709596412, 'recall': 0.9902500000000001, 'f1-score': 0.9902517781355547, 'support': 4000.0}","{'precision': 0.9903277709596412, 'recall': 0.99025, 'f1-score': 0.9902517781355548, 'support': 4000.0}",Fog severity 3,"[0.99, 0.984, 1.0, 1.0, 0.982, 1.0, 0.99, 0.976]"
"{'precision': 0.8222591362126246, 'recall': 0.99, 'f1-score': 0.8983666061705989, 'support': 500.0}","{'precision': 1.0, 'recall': 0.898, 'f1-score': 0.946259220231823, 'support': 500.0}","{'precision': 0.9881422924901185, 'recall': 1.0, 'f1-score': 0.9940357852882704, 'support': 500.0}","{'precision': 0.9842209072978304, 'recall': 0.998, 'f1-score': 0.9910625620655412, 'support': 500.0}","{'precision': 0.995575221238938, 'recall': 0.9, 'f1-score': 0.9453781512605042, 'support': 500.0}","{'precision': 0.9575289575289575, 'recall': 0.992, 'f1-score': 0.9744597249508841, 'support': 500.0}","{'precision': 0.9735772357723578, 'recall': 0.958, 'f1-score': 0.9657258064516129, 'support': 500.0}","{'precision': 0.9746835443037974, 'recall': 0.924, 'f1-score': 0.9486652977412731, 'support': 500.0}",0.9575,"{'precision': 0.961998411855578, 'recall': 0.9575, 'f1-score': 0.9579941442700635, 'support': 4000.0}","{'precision': 0.9619984118555781, 'recall': 0.9575, 'f1-score': 0.9579941442700635, 'support': 4000.0}",Fog severity 4,"[0.99, 0.898, 1.0, 0.998, 0.9, 0.992, 0.958, 0.924]"
"{'precision': 0.473583093179635, 'recall': 0.986, 'f1-score': 0.6398442569759896, 'support': 500.0}","{'precision': 0.9967320261437909, 'recall': 0.61, 'f1-score': 0.7568238213399504, 'support': 500.0}","{'precision': 0.9505703422053232, 'recall': 1.0, 'f1-score': 0.9746588693957114, 'support': 500.0}","{'precision': 0.974609375, 'recall': 0.998, 'f1-score': 0.9861660079051383, 'support': 500.0}","{'precision': 0.9888888888888889, 'recall': 0.534, 'f1-score': 0.6935064935064935, 'support': 500.0}","{'precision': 0.7890070921985816, 'recall': 0.89, 'f1-score': 0.8364661654135338, 'support': 500.0}","{'precision': 0.948780487804878, 'recall': 0.778, 'f1-score': 0.8549450549450549, 'support': 500.0}","{'precision': 0.9380053908355795, 'recall': 0.696, 'f1-score': 0.799081515499426, 'support': 500.0}",0.8115,"{'precision': 0.8825220870320846, 'recall': 0.8115, 'f1-score': 0.8176865231226622, 'support': 4000.0}","{'precision': 0.8825220870320847, 'recall': 0.8115, 'f1-score': 0.8176865231226622, 'support': 4000.0}",Fog severity 5,"[0.986, 0.61, 1.0, 0.998, 0.534, 0.89, 0.778, 0.696]"
"{'precision': 0.9979838709677419, 'recall': 0.99, 'f1-score': 0.9939759036144579, 'support': 500.0}","{'precision': 0.929368029739777, 'recall': 1.0, 'f1-score': 0.9633911368015414, 'support': 500.0}","{'precision': 1.0, 'recall': 1.0, 'f1-score': 1.0, 'support': 500.0}","{'precision': 0.998003992015968, 'recall': 1.0, 'f1-score': 0.999000999000999, 'support': 500.0}","{'precision': 1.0, 'recall': 0.87, 'f1-score': 0.93048128342246, 'support': 500.0}","{'precision': 0.9803536345776032, 'recall': 0.998, 'f1-score': 0.9890981169474727, 'support': 500.0}","{'precision': 0.9876288659793815, 'recall': 0.958, 'f1-score': 0.9725888324873097, 'support': 500.0}","{'precision': 0.9197761194029851, 'recall': 0.986, 'f1-score': 0.9517374517374517, 'support': 500.0}",0.97525,"{'precision': 0.976639314085432, 'recall': 0.97525, 'f1-score': 0.9750342155014615, 'support': 4000.0}","{'precision': 0.976639314085432, 'recall': 0.97525, 'f1-score': 0.9750342155014615, 'support': 4000.0}",Frost severity 1,"[0.99, 1.0, 1.0, 1.0, 0.87, 0.998, 0.958, 0.986]"
"{'precision': 0.9839357429718876, 'recall': 0.98, 'f1-score': 0.9819639278557114, 'support': 500.0}","{'precision': 0.9206642066420664, 'recall': 0.998, 'f1-score': 0.9577735124760077, 'support': 500.0}","{'precision': 1.0, 'recall': 1.0, 'f1-score': 1.0, 'support': 500.0}","{'precision': 0.9960159362549801, 'recall': 1.0, 'f1-score': 0.998003992015968, 'support': 500.0}","{'precision': 1.0, 'recall': 0.826, 'f1-score': 0.904709748083242, 'support': 500.0}","{'precision': 0.970703125, 'recall': 0.994, 'f1-score': 0.9822134387351779, 'support': 500.0}","{'precision': 0.968944099378882, 'recall': 0.936, 'f1-score': 0.9521871820956256, 'support': 500.0}","{'precision': 0.8818181818181818, 'recall': 0.97, 'f1-score': 0.9238095238095239, 'support': 500.0}",0.963,"{'precision': 0.9652601615082497, 'recall': 0.963, 'f1-score': 0.962582665633907, 'support': 4000.0}","{'precision': 0.9652601615082498, 'recall': 0.963, 'f1-score': 0.962582665633907, 'support': 4000.0}",Frost severity 2,"[0.98, 0.998, 1.0, 1.0, 0.826, 0.994, 0.936, 0.97]"
"{'precision': 0.9740518962075848, 'recall': 0.976, 'f1-score': 0.975024975024975, 'support': 500.0}","{'precision': 0.8466780238500852, 'recall': 0.994, 'f1-score': 0.9144434222631095, 'support': 500.0}","{'precision': 1.0, 'recall': 0.998, 'f1-score': 0.998998998998999, 'support': 500.0}","{'precision': 0.998003992015968, 'recall': 1.0, 'f1-score': 0.999000999000999, 'support': 500.0}","{'precision': 1.0, 'recall': 0.69, 'f1-score': 0.8165680473372781, 'support': 500.0}","{'precision': 0.9730848861283644, 'recall': 0.94, 'f1-score': 0.9562563580874873, 'support': 500.0}","{'precision': 0.9585253456221198, 'recall': 0.832, 'f1-score': 0.8907922912205567, 'support': 500.0}","{'precision': 0.7430769230769231, 'recall': 0.966, 'f1-score': 0.84, 'support': 500.0}",0.9245,"{'precision': 0.9366776333626307, 'recall': 0.9245, 'f1-score': 0.9238856364916755, 'support': 4000.0}","{'precision': 0.9366776333626305, 'recall': 0.9245, 'f1-score': 0.9238856364916755, 'support': 4000.0}",Frost severity 3,"[0.976, 0.994, 0.998, 1.0, 0.69, 0.94, 0.832, 0.966]"
"{'precision': 0.9673469387755103, 'recall': 0.948, 'f1-score': 0.9575757575757575, 'support': 500.0}","{'precision': 0.7996794871794872, 'recall': 0.998, 'f1-score': 0.8879003558718861, 'support': 500.0}","{'precision': 1.0, 'recall': 1.0, 'f1-score': 1.0, 'support': 500.0}","{'precision': 0.9960159362549801, 'recall': 1.0, 'f1-score': 0.998003992015968, 'support': 500.0}","{'precision': 1.0, 'recall': 0.644, 'f1-score': 0.7834549878345499, 'support': 500.0}","{'precision': 0.9826839826839827, 'recall': 0.908, 'f1-score': 0.9438669438669439, 'support': 500.0}","{'precision': 0.9798994974874372, 'recall': 0.78, 'f1-score': 0.8685968819599109, 'support': 500.0}","{'precision': 0.7008547008547008, 'recall': 0.984, 'f1-score': 0.8186356073211315, 'support': 500.0}",0.90775,"{'precision': 0.9283100679045123, 'recall': 0.90775, 'f1-score': 0.9072543158057684, 'support': 4000.0}","{'precision': 0.9283100679045123, 'recall': 0.90775, 'f1-score': 0.9072543158057684, 'support': 4000.0}",Frost severity 4,"[0.948, 0.998, 1.0, 1.0, 0.644, 0.908, 0.78, 0.984]"
"{'precision': 0.9606625258799172, 'recall': 0.928, 'f1-score': 0.9440488301119023, 'support': 500.0}","{'precision': 0.7130559540889526, 'recall': 0.994, 'f1-score': 0.8304093567251462, 'support': 500.0}","{'precision': 1.0, 'recall': 0.994, 'f1-score': 0.9969909729187563, 'support': 500.0}","{'precision': 0.9900990099009901, 'recall': 1.0, 'f1-score': 0.9950248756218906, 'support': 500.0}","{'precision': 1.0, 'recall': 0.474, 'f1-score': 0.6431478968792401, 'support': 500.0}","{'precision': 0.9821428571428571, 'recall': 0.77, 'f1-score': 0.8632286995515696, 'support': 500.0}","{'precision': 0.9938650306748467, 'recall': 0.648, 'f1-score': 0.784503631961259, 'support': 500.0}","{'precision': 0.578215527230591, 'recall': 0.998, 'f1-score': 0.7322083639031548, 'support': 500.0}",0.85075,"{'precision': 0.9022551131147694, 'recall': 0.85075, 'f1-score': 0.8486953284591149, 'support': 4000.0}","{'precision': 0.9022551131147692, 'recall': 0.85075, 'f1-score': 0.8486953284591148, 'support': 4000.0}",Frost severity 5,"[0.928, 0.994, 0.994, 1.0, 0.474, 0.77, 0.648, 0.998]"
"{'precision': 1.0, 'recall': 1.0, 'f1-score': 1.0, 'support': 500.0}","{'precision': 1.0, 'recall': 1.0, 'f1-score': 1.0, 'support': 500.0}","{'precision': 1.0, 'recall': 1.0, 'f1-score': 1.0, 'support': 500.0}","{'precision': 0.9960159362549801, 'recall': 1.0, 'f1-score': 0.998003992015968, 'support': 500.0}","{'precision': 1.0, 'recall': 0.996, 'f1-score': 0.9979959919839679, 'support': 500.0}","{'precision': 1.0, 'recall': 1.0, 'f1-score': 1.0, 'support': 500.0}","{'precision': 0.9979959919839679, 'recall': 0.996, 'f1-score': 0.996996996996997, 'support': 500.0}","{'precision': 0.9960079840319361, 'recall': 0.998, 'f1-score': 0.997002997002997, 'support': 500.0}",0.99875,"{'precision': 0.9987524890338605, 'recall': 0.99875, 'f1-score': 0.9987499972499911, 'support': 4000.0}","{'precision': 0.9987524890338606, 'recall': 0.99875, 'f1-score': 0.9987499972499913, 'support': 4000.0}",Gaussian Blur severity 1,"[1.0, 1.0, 1.0, 1.0, 0.996, 1.0, 0.996, 0.998]"
"{'precision': 1.0, 'recall': 1.0, 'f1-score': 1.0, 'support': 500.0}","{'precision': 1.0, 'recall': 1.0, 'f1-score': 1.0, 'support': 500.0}","{'precision': 1.0, 'recall': 1.0, 'f1-score': 1.0, 'support': 500.0}","{'precision': 0.9940357852882704, 'recall': 1.0, 'f1-score': 0.9970089730807578, 'support': 500.0}","{'precision': 1.0, 'recall': 0.996, 'f1-score': 0.9979959919839679, 'support': 500.0}","{'precision': 1.0, 'recall': 1.0, 'f1-score': 1.0, 'support': 500.0}","{'precision': 0.9959839357429718, 'recall': 0.992, 'f1-score': 0.9939879759519038, 'support': 500.0}","{'precision': 0.9940119760479041, 'recall': 0.996, 'f1-score': 0.995004995004995, 'support': 500.0}",0.998,"{'precision': 0.9980039621348933, 'recall': 0.998, 'f1-score': 0.9979997420027031, 'support': 4000.0}","{'precision': 0.9980039621348933, 'recall': 0.998, 'f1-score': 0.997999742002703, 'support': 4000.0}",Gaussian Blur severity 2,"[1.0, 1.0, 1.0, 1.0, 0.996, 1.0, 0.992, 0.996]"
"{'precision': 1.0, 'recall': 1.0, 'f1-score': 1.0, 'support': 500.0}","{'precision': 1.0, 'recall': 1.0, 'f1-score': 1.0, 'support': 500.0}","{'precision': 1.0, 'recall': 1.0, 'f1-score': 1.0, 'support': 500.0}","{'precision': 0.9940357852882704, 'recall': 1.0, 'f1-score': 0.9970089730807578, 'support': 500.0}","{'precision': 1.0, 'recall': 0.996, 'f1-score': 0.9979959919839679, 'support': 500.0}","{'precision': 1.0, 'recall': 1.0, 'f1-score': 1.0, 'support': 500.0}","{'precision': 0.9959839357429718, 'recall': 0.992, 'f1-score': 0.9939879759519038, 'support': 500.0}","{'precision': 0.9940119760479041, 'recall': 0.996, 'f1-score': 0.995004995004995, 'support': 500.0}",0.998,"{'precision': 0.9980039621348933, 'recall': 0.998, 'f1-score': 0.9979997420027031, 'support': 4000.0}","{'precision': 0.9980039621348933, 'recall': 0.998, 'f1-score': 0.997999742002703, 'support': 4000.0}",Gaussian Blur severity 3,"[1.0, 1.0, 1.0, 1.0, 0.996, 1.0, 0.992, 0.996]"
"{'precision': 1.0, 'recall': 0.998, 'f1-score': 0.998998998998999, 'support': 500.0}","{'precision': 1.0, 'recall': 1.0, 'f1-score': 1.0, 'support': 500.0}","{'precision': 1.0, 'recall': 1.0, 'f1-score': 1.0, 'support': 500.0}","{'precision': 0.9920634920634921, 'recall': 1.0, 'f1-score': 0.9960159362549801, 'support': 500.0}","{'precision': 1.0, 'recall': 0.996, 'f1-score': 0.9979959919839679, 'support': 500.0}","{'precision': 1.0, 'recall': 1.0, 'f1-score': 1.0, 'support': 500.0}","{'precision': 0.9959839357429718, 'recall': 0.992, 'f1-score': 0.9939879759519038, 'support': 500.0}","{'precision': 0.9940119760479041, 'recall': 0.996, 'f1-score': 0.995004995004995, 'support': 500.0}",0.99775,"{'precision': 0.997757425481796, 'recall': 0.99775, 'f1-score': 0.9977504872743557, 'support': 4000.0}","{'precision': 0.9977574254817959, 'recall': 0.99775, 'f1-score': 0.9977504872743557, 'support': 4000.0}",Gaussian Blur severity 4,"[0.998, 1.0, 1.0, 1.0, 0.996, 1.0, 0.992, 0.996]"
"{'precision': 0.998, 'recall': 0.998, 'f1-score': 0.998, 'support': 500.0}","{'precision': 1.0, 'recall': 1.0, 'f1-score': 1.0, 'support': 500.0}","{'precision': 1.0, 'recall': 1.0, 'f1-score': 1.0, 'support': 500.0}","{'precision': 0.9900990099009901, 'recall': 1.0, 'f1-score': 0.9950248756218906, 'support': 500.0}","{'precision': 1.0, 'recall': 0.992, 'f1-score': 0.9959839357429718, 'support': 500.0}","{'precision': 1.0, 'recall': 1.0, 'f1-score': 1.0, 'support': 500.0}","{'precision': 0.9959839357429718, 'recall': 0.992, 'f1-score': 0.9939879759519038, 'support': 500.0}","{'precision': 0.9940119760479041, 'recall': 0.996, 'f1-score': 0.995004995004995, 'support': 500.0}",0.99725,"{'precision': 0.9972618652114833, 'recall': 0.99725, 'f1-score': 0.9972502227902201, 'support': 4000.0}","{'precision': 0.9972618652114833, 'recall': 0.99725, 'f1-score': 0.9972502227902201, 'support': 4000.0}",Gaussian Blur severity 5,"[0.998, 1.0, 1.0, 1.0, 0.992, 1.0, 0.992, 0.996]"
"{'precision': 0.980276134122288, 'recall': 0.994, 'f1-score': 0.9870903674280039, 'support': 500.0}","{'precision': 1.0, 'recall': 0.974, 'f1-score': 0.9868287740628167, 'support': 500.0}","{'precision': 0.998003992015968, 'recall': 1.0, 'f1-score': 0.999000999000999, 'support': 500.0}","{'precision': 0.9784735812133072, 'recall': 1.0, 'f1-score': 0.9891196834817013, 'support': 500.0}","{'precision': 0.9856850715746421, 'recall': 0.964, 'f1-score': 0.974721941354904, 'support': 500.0}","{'precision': 1.0, 'recall': 0.994, 'f1-score': 0.9969909729187563, 'support': 500.0}","{'precision': 0.9518304431599229, 'recall': 0.988, 'f1-score': 0.9695780176643768, 'support': 500.0}","{'precision': 0.9815950920245399, 'recall': 0.96, 'f1-score': 0.9706774519716885, 'support': 500.0}",0.98425,"{'precision': 0.9844830392638335, 'recall': 0.98425, 'f1-score': 0.9842510259854058, 'support': 4000.0}","{'precision': 0.9844830392638335, 'recall': 0.98425, 'f1-score': 0.9842510259854058, 'support': 4000.0}",Gaussian Noise severity 1,"[0.994, 0.974, 1.0, 1.0, 0.964, 0.994, 0.988, 0.96]"
"{'precision': 0.9459459459459459, 'recall': 0.98, 'f1-score': 0.962671905697446, 'support': 500.0}","{'precision': 1.0, 'recall': 0.88, 'f1-score': 0.9361702127659575, 'support': 500.0}","{'precision': 1.0, 'recall': 1.0, 'f1-score': 1.0, 'support': 500.0}","{'precision': 0.9090909090909091, 'recall': 1.0, 'f1-score': 0.9523809523809523, 'support': 500.0}","{'precision': 0.946611909650924, 'recall': 0.922, 'f1-score': 0.9341438703140831, 'support': 500.0}","{'precision': 0.9937238493723849, 'recall': 0.95, 'f1-score': 0.9713701431492843, 'support': 500.0}","{'precision': 0.8868940754039497, 'recall': 0.988, 'f1-score': 0.934720908230842, 'support': 500.0}","{'precision': 0.9702127659574468, 'recall': 0.912, 'f1-score': 0.9402061855670103, 'support': 500.0}",0.954,"{'precision': 0.9565599319276951, 'recall': 0.954, 'f1-score': 0.9539580222631969, 'support': 4000.0}","{'precision': 0.9565599319276951, 'recall': 0.954, 'f1-score': 0.9539580222631969, 'support': 4000.0}",Gaussian Noise severity 2,"[0.98, 0.88, 1.0, 1.0, 0.922, 0.95, 0.988, 0.912]"
"{'precision': 0.9235181644359465, 'recall': 0.966, 'f1-score': 0.9442815249266863, 'support': 500.0}","{'precision': 1.0, 'recall': 0.836, 'f1-score': 0.9106753812636166, 'support': 500.0}","{'precision': 0.9940357852882704, 'recall': 1.0, 'f1-score': 0.9970089730807578, 'support': 500.0}","{'precision': 0.8223684210526315, 'recall': 1.0, 'f1-score': 0.9025270758122743, 'support': 500.0}","{'precision': 0.9532019704433498, 'recall': 0.774, 'f1-score': 0.8543046357615894, 'support': 500.0}","{'precision': 0.989041095890411, 'recall': 0.722, 'f1-score': 0.8346820809248555, 'support': 500.0}","{'precision': 0.7313432835820896, 'recall': 0.98, 'f1-score': 0.8376068376068376, 'support': 500.0}","{'precision': 0.8481262327416174, 'recall': 0.86, 'f1-score': 0.8540218470705064, 'support': 500.0}",0.89225,"{'precision': 0.9077043691792894, 'recall': 0.89225, 'f1-score': 0.8918885445558905, 'support': 4000.0}","{'precision': 0.9077043691792895, 'recall': 0.89225, 'f1-score': 0.8918885445558906, 'support': 4000.0}",Gaussian Noise severity 3,"[0.966, 0.836, 1.0, 1.0, 0.774, 0.722, 0.98, 0.86]"
"{'precision': 0.9292730844793713, 'recall': 0.946, 'f1-score': 0.9375619425173439, 'support': 500.0}","{'precision': 1.0, 'recall': 0.826, 'f1-score': 0.904709748083242, 'support': 500.0}","{'precision': 0.9960159362549801, 'recall': 1.0, 'f1-score': 0.998003992015968, 'support': 500.0}","{'precision': 0.7776049766718507, 'recall': 1.0, 'f1-score': 0.8748906386701663, 'support': 500.0}","{'precision': 0.9665738161559888, 'recall': 0.694, 'f1-score': 0.8079161816065192, 'support': 500.0}","{'precision': 0.9833887043189369, 'recall': 0.592, 'f1-score': 0.7390761548064919, 'support': 500.0}","{'precision': 0.6454183266932271, 'recall': 0.972, 'f1-score': 0.7757382282521947, 'support': 500.0}","{'precision': 0.7980769230769231, 'recall': 0.83, 'f1-score': 0.8137254901960784, 'support': 500.0}",0.8575,"{'precision': 0.8870439709564097, 'recall': 0.8574999999999999, 'f1-score': 0.8564527970185005, 'support': 4000.0}","{'precision': 0.8870439709564097, 'recall': 0.8575, 'f1-score': 0.8564527970185006, 'support': 4000.0}",Gaussian Noise severity 4,"[0.946, 0.826, 1.0, 1.0, 0.694, 0.592, 0.972, 0.83]"
"{'precision': 0.9043824701195219, 'recall': 0.908, 'f1-score': 0.906187624750499, 'support': 500.0}","{'precision': 0.9975308641975309, 'recall': 0.808, 'f1-score': 0.8928176795580111, 'support': 500.0}","{'precision': 0.998003992015968, 'recall': 1.0, 'f1-score': 0.999000999000999, 'support': 500.0}","{'precision': 0.7621951219512195, 'recall': 1.0, 'f1-score': 0.8650519031141869, 'support': 500.0}","{'precision': 0.9506172839506173, 'recall': 0.616, 'f1-score': 0.7475728155339806, 'support': 500.0}","{'precision': 0.978448275862069, 'recall': 0.454, 'f1-score': 0.6202185792349727, 'support': 500.0}","{'precision': 0.5760095011876485, 'recall': 0.97, 'f1-score': 0.7228017883755589, 'support': 500.0}","{'precision': 0.7565055762081785, 'recall': 0.814, 'f1-score': 0.7842003853564548, 'support': 500.0}",0.82125,"{'precision': 0.8654616356865942, 'recall': 0.82125, 'f1-score': 0.8172314718655829, 'support': 4000.0}","{'precision': 0.8654616356865943, 'recall': 0.82125, 'f1-score': 0.8172314718655829, 'support': 4000.0}",Gaussian Noise severity 5,"[0.908, 0.808, 1.0, 1.0, 0.616, 0.454, 0.97, 0.814]"
"{'precision': 1.0, 'recall': 1.0, 'f1-score': 1.0, 'support': 500.0}","{'precision': 1.0, 'recall': 1.0, 'f1-score': 1.0, 'support': 500.0}","{'precision': 1.0, 'recall': 1.0, 'f1-score': 1.0, 'support': 500.0}","{'precision': 0.9960159362549801, 'recall': 1.0, 'f1-score': 0.998003992015968, 'support': 500.0}","{'precision': 1.0, 'recall': 0.996, 'f1-score': 0.9979959919839679, 'support': 500.0}","{'precision': 1.0, 'recall': 1.0, 'f1-score': 1.0, 'support': 500.0}","{'precision': 0.996, 'recall': 0.996, 'f1-score': 0.996, 'support': 500.0}","{'precision': 0.996, 'recall': 0.996, 'f1-score': 0.996, 'support': 500.0}",0.9985,"{'precision': 0.9985019920318725, 'recall': 0.9984999999999999, 'f1-score': 0.998499997999992, 'support': 4000.0}","{'precision': 0.9985019920318725, 'recall': 0.9985, 'f1-score': 0.998499997999992, 'support': 4000.0}",Glass Blur severity 1,"[1.0, 1.0, 1.0, 1.0, 0.996, 1.0, 0.996, 0.996]"
"{'precision': 1.0, 'recall': 1.0, 'f1-score': 1.0, 'support': 500.0}","{'precision': 1.0, 'recall': 1.0, 'f1-score': 1.0, 'support': 500.0}","{'precision': 1.0, 'recall': 1.0, 'f1-score': 1.0, 'support': 500.0}","{'precision': 0.9960159362549801, 'recall': 1.0, 'f1-score': 0.998003992015968, 'support': 500.0}","{'precision': 1.0, 'recall': 0.996, 'f1-score': 0.9979959919839679, 'support': 500.0}","{'precision': 1.0, 'recall': 1.0, 'f1-score': 1.0, 'support': 500.0}","{'precision': 0.9979959919839679, 'recall': 0.996, 'f1-score': 0.996996996996997, 'support': 500.0}","{'precision': 0.9960079840319361, 'recall': 0.998, 'f1-score': 0.997002997002997, 'support': 500.0}",0.99875,"{'precision': 0.9987524890338605, 'recall': 0.99875, 'f1-score': 0.9987499972499911, 'support': 4000.0}","{'precision': 0.9987524890338606, 'recall': 0.99875, 'f1-score': 0.9987499972499913, 'support': 4000.0}",Glass Blur severity 2,"[1.0, 1.0, 1.0, 1.0, 0.996, 1.0, 0.996, 0.998]"
"{'precision': 1.0, 'recall': 1.0, 'f1-score': 1.0, 'support': 500.0}","{'precision': 1.0, 'recall': 1.0, 'f1-score': 1.0, 'support': 500.0}","{'precision': 1.0, 'recall': 1.0, 'f1-score': 1.0, 'support': 500.0}","{'precision': 0.9960159362549801, 'recall': 1.0, 'f1-score': 0.998003992015968, 'support': 500.0}","{'precision': 1.0, 'recall': 0.996, 'f1-score': 0.9979959919839679, 'support': 500.0}","{'precision': 1.0, 'recall': 1.0, 'f1-score': 1.0, 'support': 500.0}","{'precision': 0.9979959919839679, 'recall': 0.996, 'f1-score': 0.996996996996997, 'support': 500.0}","{'precision': 0.9960079840319361, 'recall': 0.998, 'f1-score': 0.997002997002997, 'support': 500.0}",0.99875,"{'precision': 0.9987524890338605, 'recall': 0.99875, 'f1-score': 0.9987499972499911, 'support': 4000.0}","{'precision': 0.9987524890338606, 'recall': 0.99875, 'f1-score': 0.9987499972499913, 'support': 4000.0}",Glass Blur severity 3,"[1.0, 1.0, 1.0, 1.0, 0.996, 1.0, 0.996, 0.998]"
"{'precision': 1.0, 'recall': 1.0, 'f1-score': 1.0, 'support': 500.0}","{'precision': 1.0, 'recall': 1.0, 'f1-score': 1.0, 'support': 500.0}","{'precision': 1.0, 'recall': 1.0, 'f1-score': 1.0, 'support': 500.0}","{'precision': 0.9960159362549801, 'recall': 1.0, 'f1-score': 0.998003992015968, 'support': 500.0}","{'precision': 1.0, 'recall': 0.996, 'f1-score': 0.9979959919839679, 'support': 500.0}","{'precision': 1.0, 'recall': 1.0, 'f1-score': 1.0, 'support': 500.0}","{'precision': 0.9979959919839679, 'recall': 0.996, 'f1-score': 0.996996996996997, 'support': 500.0}","{'precision': 0.9960079840319361, 'recall': 0.998, 'f1-score': 0.997002997002997, 'support': 500.0}",0.99875,"{'precision': 0.9987524890338605, 'recall': 0.99875, 'f1-score': 0.9987499972499911, 'support': 4000.0}","{'precision': 0.9987524890338606, 'recall': 0.99875, 'f1-score': 0.9987499972499913, 'support': 4000.0}",Glass Blur severity 4,"[1.0, 1.0, 1.0, 1.0, 0.996, 1.0, 0.996, 0.998]"
"{'precision': 1.0, 'recall': 1.0, 'f1-score': 1.0, 'support': 500.0}","{'precision': 1.0, 'recall': 1.0, 'f1-score': 1.0, 'support': 500.0}","{'precision': 1.0, 'recall': 1.0, 'f1-score': 1.0, 'support': 500.0}","{'precision': 0.9960159362549801, 'recall': 1.0, 'f1-score': 0.998003992015968, 'support': 500.0}","{'precision': 1.0, 'recall': 0.996, 'f1-score': 0.9979959919839679, 'support': 500.0}","{'precision': 1.0, 'recall': 1.0, 'f1-score': 1.0, 'support': 500.0}","{'precision': 0.9979959919839679, 'recall': 0.996, 'f1-score': 0.996996996996997, 'support': 500.0}","{'precision': 0.9960079840319361, 'recall': 0.998, 'f1-score': 0.997002997002997, 'support': 500.0}",0.99875,"{'precision': 0.9987524890338605, 'recall': 0.99875, 'f1-score': 0.9987499972499911, 'support': 4000.0}","{'precision': 0.9987524890338606, 'recall': 0.99875, 'f1-score': 0.9987499972499913, 'support': 4000.0}",Glass Blur severity 5,"[1.0, 1.0, 1.0, 1.0, 0.996, 1.0, 0.996, 0.998]"
"{'precision': 0.8630849220103987, 'recall': 0.996, 'f1-score': 0.924791086350975, 'support': 500.0}","{'precision': 1.0, 'recall': 0.914, 'f1-score': 0.955067920585162, 'support': 500.0}","{'precision': 1.0, 'recall': 1.0, 'f1-score': 1.0, 'support': 500.0}","{'precision': 0.9959432048681541, 'recall': 0.982, 'f1-score': 0.9889224572004028, 'support': 500.0}","{'precision': 0.9718004338394793, 'recall': 0.896, 'f1-score': 0.9323621227887617, 'support': 500.0}","{'precision': 1.0, 'recall': 0.834, 'f1-score': 0.9094874591057798, 'support': 500.0}","{'precision': 0.7688751926040062, 'recall': 0.998, 'f1-score': 0.8685813751087903, 'support': 500.0}","{'precision': 0.9573991031390134, 'recall': 0.854, 'f1-score': 0.9027484143763214, 'support': 500.0}",0.93425,"{'precision': 0.9446378570576315, 'recall': 0.93425, 'f1-score': 0.9352451044395241, 'support': 4000.0}","{'precision': 0.9446378570576315, 'recall': 0.93425, 'f1-score': 0.9352451044395241, 'support': 4000.0}",Impulse Noise severity 1,"[0.996, 0.914, 1.0, 0.982, 0.896, 0.834, 0.998, 0.854]"
"{'precision': 0.8330494037478705, 'recall': 0.978, 'f1-score': 0.8997240110395585, 'support': 500.0}","{'precision': 1.0, 'recall': 0.906, 'f1-score': 0.950682056663169, 'support': 500.0}","{'precision': 1.0, 'recall': 1.0, 'f1-score': 1.0, 'support': 500.0}","{'precision': 0.9839034205231388, 'recall': 0.978, 'f1-score': 0.9809428284854563, 'support': 500.0}","{'precision': 0.973170731707317, 'recall': 0.798, 'f1-score': 0.8769230769230769, 'support': 500.0}","{'precision': 1.0, 'recall': 0.482, 'f1-score': 0.650472334682861, 'support': 500.0}","{'precision': 0.5759345794392523, 'recall': 0.986, 'f1-score': 0.7271386430678466, 'support': 500.0}","{'precision': 0.8771929824561403, 'recall': 0.8, 'f1-score': 0.8368200836820083, 'support': 500.0}",0.866,"{'precision': 0.9054063897342148, 'recall': 0.866, 'f1-score': 0.8653378793179971, 'support': 4000.0}","{'precision': 0.9054063897342148, 'recall': 0.866, 'f1-score': 0.865337879317997, 'support': 4000.0}",Impulse Noise severity 2,"[0.978, 0.906, 1.0, 0.978, 0.798, 0.482, 0.986, 0.8]"
"{'precision': 0.8786231884057971, 'recall': 0.97, 'f1-score': 0.9220532319391636, 'support': 500.0}","{'precision': 1.0, 'recall': 0.93, 'f1-score': 0.9637305699481865, 'support': 500.0}","{'precision': 1.0, 'recall': 1.0, 'f1-score': 1.0, 'support': 500.0}","{'precision': 0.9880478087649402, 'recall': 0.992, 'f1-score': 0.9900199600798403, 'support': 500.0}","{'precision': 0.9803370786516854, 'recall': 0.698, 'f1-score': 0.8154205607476636, 'support': 500.0}","{'precision': 0.9912280701754386, 'recall': 0.226, 'f1-score': 0.36807817589576547, 'support': 500.0}","{'precision': 0.4680648236415634, 'recall': 0.982, 'f1-score': 0.6339573918657199, 'support': 500.0}","{'precision': 0.8333333333333334, 'recall': 0.77, 'f1-score': 0.8004158004158004, 'support': 500.0}",0.821,"{'precision': 0.8924542878715948, 'recall': 0.821, 'f1-score': 0.8117094613615174, 'support': 4000.0}","{'precision': 0.8924542878715948, 'recall': 0.821, 'f1-score': 0.8117094613615174, 'support': 4000.0}",Impulse Noise severity 3,"[0.97, 0.93, 1.0, 0.992, 0.698, 0.226, 0.982, 0.77]"
"{'precision': 0.9369747899159664, 'recall': 0.892, 'f1-score': 0.9139344262295082, 'support': 500.0}","{'precision': 0.99375, 'recall': 0.954, 'f1-score': 0.9734693877551021, 'support': 500.0}","{'precision': 1.0, 'recall': 1.0, 'f1-score': 1.0, 'support': 500.0}","{'precision': 0.97265625, 'recall': 0.996, 'f1-score': 0.9841897233201581, 'support': 500.0}","{'precision': 0.974169741697417, 'recall': 0.528, 'f1-score': 0.6848249027237354, 'support': 500.0}","{'precision': 1.0, 'recall': 0.048, 'f1-score': 0.0916030534351145, 'support': 500.0}","{'precision': 0.3778801843317972, 'recall': 0.984, 'f1-score': 0.5460599334073252, 'support': 500.0}","{'precision': 0.8298850574712644, 'recall': 0.722, 'f1-score': 0.772192513368984, 'support': 500.0}",0.7655,"{'precision': 0.8856645029270556, 'recall': 0.7655000000000001, 'f1-score': 0.745784242529991, 'support': 4000.0}","{'precision': 0.8856645029270557, 'recall': 0.7655, 'f1-score': 0.745784242529991, 'support': 4000.0}",Impulse Noise severity 4,"[0.892, 0.954, 1.0, 0.996, 0.528, 0.048, 0.984, 0.722]"
"{'precision': 0.9537275064267352, 'recall': 0.742, 'f1-score': 0.8346456692913385, 'support': 500.0}","{'precision': 0.95, 'recall': 0.95, 'f1-score': 0.95, 'support': 500.0}","{'precision': 1.0, 'recall': 0.998, 'f1-score': 0.998998998998999, 'support': 500.0}","{'precision': 0.9592233009708738, 'recall': 0.988, 'f1-score': 0.9733990147783251, 'support': 500.0}","{'precision': 0.9658536585365853, 'recall': 0.396, 'f1-score': 0.5617021276595745, 'support': 500.0}","{'precision': 1.0, 'recall': 0.012, 'f1-score': 0.023715415019762844, 'support': 500.0}","{'precision': 0.3394109396914446, 'recall': 0.968, 'f1-score': 0.5025960539979232, 'support': 500.0}","{'precision': 0.7847826086956522, 'recall': 0.722, 'f1-score': 0.7520833333333333, 'support': 500.0}",0.722,"{'precision': 0.8691247517901614, 'recall': 0.722, 'f1-score': 0.699642576634907, 'support': 4000.0}","{'precision': 0.8691247517901614, 'recall': 0.722, 'f1-score': 0.699642576634907, 'support': 4000.0}",Impulse Noise severity 5,"[0.742, 0.95, 0.998, 0.988, 0.396, 0.012, 0.968, 0.722]"
"{'precision': 1.0, 'recall': 1.0, 'f1-score': 1.0, 'support': 500.0}","{'precision': 1.0, 'recall': 1.0, 'f1-score': 1.0, 'support': 500.0}","{'precision': 1.0, 'recall': 1.0, 'f1-score': 1.0, 'support': 500.0}","{'precision': 1.0, 'recall': 1.0, 'f1-score': 1.0, 'support': 500.0}","{'precision': 1.0, 'recall': 0.998, 'f1-score': 0.998998998998999, 'support': 500.0}","{'precision': 1.0, 'recall': 1.0, 'f1-score': 1.0, 'support': 500.0}","{'precision': 0.9940119760479041, 'recall': 0.996, 'f1-score': 0.995004995004995, 'support': 500.0}","{'precision': 0.996, 'recall': 0.996, 'f1-score': 0.996, 'support': 500.0}",0.99875,"{'precision': 0.9987514970059881, 'recall': 0.99875, 'f1-score': 0.9987504992504992, 'support': 4000.0}","{'precision': 0.9987514970059881, 'recall': 0.99875, 'f1-score': 0.9987504992504993, 'support': 4000.0}",JPEG severity 1,"[1.0, 1.0, 1.0, 1.0, 0.998, 1.0, 0.996, 0.996]"
"{'precision': 1.0, 'recall': 1.0, 'f1-score': 1.0, 'support': 500.0}","{'precision': 1.0, 'recall': 1.0, 'f1-score': 1.0, 'support': 500.0}","{'precision': 1.0, 'recall': 1.0, 'f1-score': 1.0, 'support': 500.0}","{'precision': 0.9940357852882704, 'recall': 1.0, 'f1-score': 0.9970089730807578, 'support': 500.0}","{'precision': 1.0, 'recall': 0.996, 'f1-score': 0.9979959919839679, 'support': 500.0}","{'precision': 1.0, 'recall': 1.0, 'f1-score': 1.0, 'support': 500.0}","{'precision': 0.9979879275653923, 'recall': 0.992, 'f1-score': 0.9949849548645938, 'support': 500.0}","{'precision': 0.9940239043824701, 'recall': 0.998, 'f1-score': 0.9960079840319361, 'support': 500.0}",0.99825,"{'precision': 0.9982559521545166, 'recall': 0.99825, 'f1-score': 0.9982497379951569, 'support': 4000.0}","{'precision': 0.9982559521545166, 'recall': 0.99825, 'f1-score': 0.9982497379951569, 'support': 4000.0}",JPEG severity 2,"[1.0, 1.0, 1.0, 1.0, 0.996, 1.0, 0.992, 0.998]"
"{'precision': 1.0, 'recall': 1.0, 'f1-score': 1.0, 'support': 500.0}","{'precision': 1.0, 'recall': 1.0, 'f1-score': 1.0, 'support': 500.0}","{'precision': 1.0, 'recall': 1.0, 'f1-score': 1.0, 'support': 500.0}","{'precision': 0.998003992015968, 'recall': 1.0, 'f1-score': 0.999000999000999, 'support': 500.0}","{'precision': 1.0, 'recall': 0.996, 'f1-score': 0.9979959919839679, 'support': 500.0}","{'precision': 1.0, 'recall': 1.0, 'f1-score': 1.0, 'support': 500.0}","{'precision': 0.9920159680638723, 'recall': 0.994, 'f1-score': 0.993006993006993, 'support': 500.0}","{'precision': 0.994, 'recall': 0.994, 'f1-score': 0.994, 'support': 500.0}",0.998,"{'precision': 0.99800249500998, 'recall': 0.998, 'f1-score': 0.9980004979989949, 'support': 4000.0}","{'precision': 0.9980024950099801, 'recall': 0.998, 'f1-score': 0.998000497998995, 'support': 4000.0}",JPEG severity 3,"[1.0, 1.0, 1.0, 1.0, 0.996, 1.0, 0.994, 0.994]"
"{'precision': 1.0, 'recall': 0.998, 'f1-score': 0.998998998998999, 'support': 500.0}","{'precision': 1.0, 'recall': 1.0, 'f1-score': 1.0, 'support': 500.0}","{'precision': 1.0, 'recall': 1.0, 'f1-score': 1.0, 'support': 500.0}","{'precision': 0.9960159362549801, 'recall': 1.0, 'f1-score': 0.998003992015968, 'support': 500.0}","{'precision': 1.0, 'recall': 0.996, 'f1-score': 0.9979959919839679, 'support': 500.0}","{'precision': 1.0, 'recall': 1.0, 'f1-score': 1.0, 'support': 500.0}","{'precision': 0.9900596421471173, 'recall': 0.996, 'f1-score': 0.9930209371884346, 'support': 500.0}","{'precision': 0.9959839357429718, 'recall': 0.992, 'f1-score': 0.9939879759519038, 'support': 500.0}",0.99775,"{'precision': 0.9977574392681337, 'recall': 0.99775, 'f1-score': 0.9977509870174092, 'support': 4000.0}","{'precision': 0.9977574392681337, 'recall': 0.99775, 'f1-score': 0.9977509870174092, 'support': 4000.0}",JPEG severity 4,"[0.998, 1.0, 1.0, 1.0, 0.996, 1.0, 0.996, 0.992]"
"{'precision': 0.998003992015968, 'recall': 1.0, 'f1-score': 0.999000999000999, 'support': 500.0}","{'precision': 1.0, 'recall': 1.0, 'f1-score': 1.0, 'support': 500.0}","{'precision': 1.0, 'recall': 1.0, 'f1-score': 1.0, 'support': 500.0}","{'precision': 0.9940357852882704, 'recall': 1.0, 'f1-score': 0.9970089730807578, 'support': 500.0}","{'precision': 1.0, 'recall': 0.982, 'f1-score': 0.9909182643794148, 'support': 500.0}","{'precision': 1.0, 'recall': 1.0, 'f1-score': 1.0, 'support': 500.0}","{'precision': 0.988, 'recall': 0.988, 'f1-score': 0.988, 'support': 500.0}","{'precision': 0.9801980198019802, 'recall': 0.99, 'f1-score': 0.9850746268656716, 'support': 500.0}",0.995,"{'precision': 0.9950297246382773, 'recall': 0.995, 'f1-score': 0.9950003579158554, 'support': 4000.0}","{'precision': 0.9950297246382772, 'recall': 0.995, 'f1-score': 0.9950003579158554, 'support': 4000.0}",JPEG severity 5,"[1.0, 1.0, 1.0, 1.0, 0.982, 1.0, 0.988, 0.99]"
"{'precision': 1.0, 'recall': 1.0, 'f1-score': 1.0, 'support': 500.0}","{'precision': 1.0, 'recall': 1.0, 'f1-score': 1.0, 'support': 500.0}","{'precision': 1.0, 'recall': 1.0, 'f1-score': 1.0, 'support': 500.0}","{'precision': 0.9960159362549801, 'recall': 1.0, 'f1-score': 0.998003992015968, 'support': 500.0}","{'precision': 1.0, 'recall': 0.996, 'f1-score': 0.9979959919839679, 'support': 500.0}","{'precision': 1.0, 'recall': 1.0, 'f1-score': 1.0, 'support': 500.0}","{'precision': 0.9959919839679359, 'recall': 0.994, 'f1-score': 0.994994994994995, 'support': 500.0}","{'precision': 0.9940119760479041, 'recall': 0.996, 'f1-score': 0.995004995004995, 'support': 500.0}",0.99825,"{'precision': 0.9982524870338525, 'recall': 0.99825, 'f1-score': 0.9982499967499907, 'support': 4000.0}","{'precision': 0.9982524870338525, 'recall': 0.99825, 'f1-score': 0.9982499967499907, 'support': 4000.0}",Motion Blur severity 1,"[1.0, 1.0, 1.0, 1.0, 0.996, 1.0, 0.994, 0.996]"
"{'precision': 1.0, 'recall': 1.0, 'f1-score': 1.0, 'support': 500.0}","{'precision': 1.0, 'recall': 1.0, 'f1-score': 1.0, 'support': 500.0}","{'precision': 1.0, 'recall': 1.0, 'f1-score': 1.0, 'support': 500.0}","{'precision': 0.9940357852882704, 'recall': 1.0, 'f1-score': 0.9970089730807578, 'support': 500.0}","{'precision': 1.0, 'recall': 0.996, 'f1-score': 0.9979959919839679, 'support': 500.0}","{'precision': 1.0, 'recall': 1.0, 'f1-score': 1.0, 'support': 500.0}","{'precision': 0.9959758551307847, 'recall': 0.99, 'f1-score': 0.9929789368104313, 'support': 500.0}","{'precision': 0.9920318725099602, 'recall': 0.996, 'f1-score': 0.9940119760479041, 'support': 500.0}",0.99775,"{'precision': 0.9977554391161269, 'recall': 0.99775, 'f1-score': 0.9977494847403827, 'support': 4000.0}","{'precision': 0.9977554391161269, 'recall': 0.99775, 'f1-score': 0.9977494847403826, 'support': 4000.0}",Motion Blur severity 2,"[1.0, 1.0, 1.0, 1.0, 0.996, 1.0, 0.99, 0.996]"
"{'precision': 0.9979959919839679, 'recall': 0.996, 'f1-score': 0.996996996996997, 'support': 500.0}","{'precision': 1.0, 'recall': 1.0, 'f1-score': 1.0, 'support': 500.0}","{'precision': 1.0, 'recall': 1.0, 'f1-score': 1.0, 'support': 500.0}","{'precision': 0.9920634920634921, 'recall': 1.0, 'f1-score': 0.9960159362549801, 'support': 500.0}","{'precision': 1.0, 'recall': 0.99, 'f1-score': 0.9949748743718593, 'support': 500.0}","{'precision': 1.0, 'recall': 1.0, 'f1-score': 1.0, 'support': 500.0}","{'precision': 0.9919839679358717, 'recall': 0.99, 'f1-score': 0.990990990990991, 'support': 500.0}","{'precision': 0.9860834990059643, 'recall': 0.992, 'f1-score': 0.9890329012961117, 'support': 500.0}",0.996,"{'precision': 0.996015868873662, 'recall': 0.996, 'f1-score': 0.9960014624888673, 'support': 4000.0}","{'precision': 0.9960158688736619, 'recall': 0.996, 'f1-score': 0.9960014624888675, 'support': 4000.0}",Motion Blur severity 3,"[0.996, 1.0, 1.0, 1.0, 0.99, 1.0, 0.99, 0.992]"
"{'precision': 0.9979959919839679, 'recall': 0.996, 'f1-score': 0.996996996996997, 'support': 500.0}","{'precision': 1.0, 'recall': 1.0, 'f1-score': 1.0, 'support': 500.0}","{'precision': 1.0, 'recall': 1.0, 'f1-score': 1.0, 'support': 500.0}","{'precision': 0.9920634920634921, 'recall': 1.0, 'f1-score': 0.9960159362549801, 'support': 500.0}","{'precision': 1.0, 'recall': 0.992, 'f1-score': 0.9959839357429718, 'support': 500.0}","{'precision': 1.0, 'recall': 1.0, 'f1-score': 1.0, 'support': 500.0}","{'precision': 0.9959758551307847, 'recall': 0.99, 'f1-score': 0.9929789368104313, 'support': 500.0}","{'precision': 0.9880952380952381, 'recall': 0.996, 'f1-score': 0.9920318725099602, 'support': 500.0}",0.99675,"{'precision': 0.9967663221591854, 'recall': 0.99675, 'f1-score': 0.9967509597894175, 'support': 4000.0}","{'precision': 0.9967663221591854, 'recall': 0.99675, 'f1-score': 0.9967509597894176, 'support': 4000.0}",Motion Blur severity 4,"[0.996, 1.0, 1.0, 1.0, 0.992, 1.0, 0.99, 0.996]"
"{'precision': 0.996, 'recall': 0.996, 'f1-score': 0.996, 'support': 500.0}","{'precision': 1.0, 'recall': 1.0, 'f1-score': 1.0, 'support': 500.0}","{'precision': 1.0, 'recall': 1.0, 'f1-score': 1.0, 'support': 500.0}","{'precision': 0.9900990099009901, 'recall': 1.0, 'f1-score': 0.9950248756218906, 'support': 500.0}","{'precision': 1.0, 'recall': 0.986, 'f1-score': 0.9929506545820745, 'support': 500.0}","{'precision': 1.0, 'recall': 1.0, 'f1-score': 1.0, 'support': 500.0}","{'precision': 0.9959514170040485, 'recall': 0.984, 'f1-score': 0.9899396378269618, 'support': 500.0}","{'precision': 0.9803149606299213, 'recall': 0.996, 'f1-score': 0.9880952380952381, 'support': 500.0}",0.99525,"{'precision': 0.99529567344187, 'recall': 0.99525, 'f1-score': 0.9952513007657706, 'support': 4000.0}","{'precision': 0.9952956734418699, 'recall': 0.99525, 'f1-score': 0.9952513007657707, 'support': 4000.0}",Motion Blur severity 5,"[0.996, 1.0, 1.0, 1.0, 0.986, 1.0, 0.984, 0.996]"
"{'precision': 0.9227272727272727, 'recall': 0.406, 'f1-score': 0.5638888888888889, 'support': 500.0}","{'precision': 0.9827586206896551, 'recall': 0.114, 'f1-score': 0.20430107526881722, 'support': 500.0}","{'precision': 0.9899396378269618, 'recall': 0.984, 'f1-score': 0.9869608826479438, 'support': 500.0}","{'precision': 0.8077669902912621, 'recall': 0.832, 'f1-score': 0.819704433497537, 'support': 500.0}","{'precision': 1.0, 'recall': 0.022, 'f1-score': 0.043052837573385516, 'support': 500.0}","{'precision': 0.19266409266409265, 'recall': 0.998, 'f1-score': 0.32297734627831715, 'support': 500.0}","{'precision': 0.9134615384615384, 'recall': 0.19, 'f1-score': 0.31456953642384106, 'support': 500.0}","{'precision': 0.8, 'recall': 0.008, 'f1-score': 0.015841584158415842, 'support': 500.0}",0.44425,"{'precision': 0.8261647690825978, 'recall': 0.44425, 'f1-score': 0.4089120730921433, 'support': 4000.0}","{'precision': 0.826164769082598, 'recall': 0.44425, 'f1-score': 0.4089120730921433, 'support': 4000.0}",Pixelate severity 1,"[0.406, 0.114, 0.984, 0.832, 0.022, 0.998, 0.19, 0.008]"
"{'precision': 0.9063670411985019, 'recall': 0.484, 'f1-score': 0.6310299869621904, 'support': 500.0}","{'precision': 0.9761904761904762, 'recall': 0.164, 'f1-score': 0.2808219178082192, 'support': 500.0}","{'precision': 0.9239332096474954, 'recall': 0.996, 'f1-score': 0.958614051973051, 'support': 500.0}","{'precision': 0.8939393939393939, 'recall': 0.944, 'f1-score': 0.9182879377431906, 'support': 500.0}","{'precision': 0.8933333333333333, 'recall': 0.134, 'f1-score': 0.23304347826086957, 'support': 500.0}","{'precision': 0.21148936170212765, 'recall': 0.994, 'f1-score': 0.3487719298245614, 'support': 500.0}","{'precision': 0.920863309352518, 'recall': 0.256, 'f1-score': 0.40062597809076683, 'support': 500.0}","{'precision': 0.9444444444444444, 'recall': 0.034, 'f1-score': 0.06563706563706563, 'support': 500.0}",0.50075,"{'precision': 0.8338200712260364, 'recall': 0.50075, 'f1-score': 0.47960404328748935, 'support': 4000.0}","{'precision': 0.8338200712260363, 'recall': 0.50075, 'f1-score': 0.4796040432874893, 'support': 4000.0}",Pixelate severity 2,"[0.484, 0.164, 0.996, 0.944, 0.134, 0.994, 0.256, 0.034]"
"{'precision': 0.9382716049382716, 'recall': 0.152, 'f1-score': 0.26161790017211706, 'support': 500.0}","{'precision': 1.0, 'recall': 0.014, 'f1-score': 0.027613412228796843, 'support': 500.0}","{'precision': 0.9935344827586207, 'recall': 0.922, 'f1-score': 0.9564315352697096, 'support': 500.0}","{'precision': 0.8689655172413793, 'recall': 0.756, 'f1-score': 0.8085561497326204, 'support': 500.0}","{'precision': 0.8333333333333334, 'recall': 0.01, 'f1-score': 0.019762845849802372, 'support': 500.0}","{'precision': 0.1677289500167729, 'recall': 1.0, 'f1-score': 0.2872737719046251, 'support': 500.0}","{'precision': 1.0, 'recall': 0.052, 'f1-score': 0.09885931558935361, 'support': 500.0}","{'precision': 0.0, 'recall': 0.0, 'f1-score': 0.0, 'support': 500.0}",0.36325,"{'precision': 0.7252292360360472, 'recall': 0.36324999999999996, 'f1-score': 0.30751436634337814, 'support': 4000.0}","{'precision': 0.7252292360360473, 'recall': 0.36325, 'f1-score': 0.30751436634337814, 'support': 4000.0}",Pixelate severity 3,"[0.152, 0.014, 0.922, 0.756, 0.01, 1.0, 0.052, 0.0]"
"{'precision': 1.0, 'recall': 0.006, 'f1-score': 0.011928429423459244, 'support': 500.0}","{'precision': 0.0, 'recall': 0.0, 'f1-score': 0.0, 'support': 500.0}","{'precision': 0.984251968503937, 'recall': 0.25, 'f1-score': 0.39872408293460926, 'support': 500.0}","{'precision': 0.9622641509433962, 'recall': 0.102, 'f1-score': 0.1844484629294756, 'support': 500.0}","{'precision': 0.0, 'recall': 0.0, 'f1-score': 0.0, 'support': 500.0}","{'precision': 0.13099292638197538, 'recall': 1.0, 'f1-score': 0.23164234422052352, 'support': 500.0}","{'precision': 0.0, 'recall': 0.0, 'f1-score': 0.0, 'support': 500.0}","{'precision': 0.0, 'recall': 0.0, 'f1-score': 0.0, 'support': 500.0}",0.16975,"{'precision': 0.3846886307286636, 'recall': 0.16975, 'f1-score': 0.10334291493850846, 'support': 4000.0}","{'precision': 0.38468863072866355, 'recall': 0.16975, 'f1-score': 0.10334291493850845, 'support': 4000.0}",Pixelate severity 4,"[0.006, 0.0, 0.25, 0.102, 0.0, 1.0, 0.0, 0.0]"
"{'precision': 0.0, 'recall': 0.0, 'f1-score': 0.0, 'support': 500.0}","{'precision': 0.0, 'recall': 0.0, 'f1-score': 0.0, 'support': 500.0}","{'precision': 0.0, 'recall': 0.0, 'f1-score': 0.0, 'support': 500.0}","{'precision': 0.0, 'recall': 0.0, 'f1-score': 0.0, 'support': 500.0}","{'precision': 0.0, 'recall': 0.0, 'f1-score': 0.0, 'support': 500.0}","{'precision': 0.125, 'recall': 1.0, 'f1-score': 0.2222222222222222, 'support': 500.0}","{'precision': 0.0, 'recall': 0.0, 'f1-score': 0.0, 'support': 500.0}","{'precision': 0.0, 'recall': 0.0, 'f1-score': 0.0, 'support': 500.0}",0.125,"{'precision': 0.015625, 'recall': 0.125, 'f1-score': 0.027777777777777776, 'support': 4000.0}","{'precision': 0.015625, 'recall': 0.125, 'f1-score': 0.027777777777777776, 'support': 4000.0}",Pixelate severity 5,"[0.0, 0.0, 0.0, 0.0, 0.0, 1.0, 0.0, 0.0]"
"{'precision': 1.0, 'recall': 0.972, 'f1-score': 0.9858012170385395, 'support': 500.0}","{'precision': 1.0, 'recall': 1.0, 'f1-score': 1.0, 'support': 500.0}","{'precision': 1.0, 'recall': 1.0, 'f1-score': 1.0, 'support': 500.0}","{'precision': 0.9823182711198428, 'recall': 1.0, 'f1-score': 0.9910802775024777, 'support': 500.0}","{'precision': 0.9979674796747967, 'recall': 0.982, 'f1-score': 0.9899193548387096, 'support': 500.0}","{'precision': 0.998003992015968, 'recall': 1.0, 'f1-score': 0.999000999000999, 'support': 500.0}","{'precision': 0.9783464566929134, 'recall': 0.994, 'f1-score': 0.9861111111111112, 'support': 500.0}","{'precision': 0.9761904761904762, 'recall': 0.984, 'f1-score': 0.9800796812749004, 'support': 500.0}",0.9915,"{'precision': 0.9916033344617496, 'recall': 0.9915, 'f1-score': 0.9914990800958421, 'support': 4000.0}","{'precision': 0.9916033344617496, 'recall': 0.9915, 'f1-score': 0.9914990800958422, 'support': 4000.0}",Saturate severity 1,"[0.972, 1.0, 1.0, 1.0, 0.982, 1.0, 0.994, 0.984]"
"{'precision': 0.9979338842975206, 'recall': 0.966, 'f1-score': 0.9817073170731707, 'support': 500.0}","{'precision': 1.0, 'recall': 0.994, 'f1-score': 0.9969909729187563, 'support': 500.0}","{'precision': 1.0, 'recall': 1.0, 'f1-score': 1.0, 'support': 500.0}","{'precision': 0.9523809523809523, 'recall': 1.0, 'f1-score': 0.975609756097561, 'support': 500.0}","{'precision': 0.9959100204498977, 'recall': 0.974, 'f1-score': 0.9848331648129424, 'support': 500.0}","{'precision': 0.9959758551307847, 'recall': 0.99, 'f1-score': 0.9929789368104313, 'support': 500.0}","{'precision': 0.9898580121703854, 'recall': 0.976, 'f1-score': 0.9828801611278952, 'support': 500.0}","{'precision': 0.9631067961165048, 'recall': 0.992, 'f1-score': 0.9773399014778326, 'support': 500.0}",0.9865,"{'precision': 0.9868956900682557, 'recall': 0.9864999999999999, 'f1-score': 0.9865425262898236, 'support': 4000.0}","{'precision': 0.9868956900682557, 'recall': 0.9865, 'f1-score': 0.9865425262898236, 'support': 4000.0}",Saturate severity 2,"[0.966, 0.994, 1.0, 1.0, 0.974, 0.99, 0.976, 0.992]"
"{'precision': 0.998003992015968, 'recall': 1.0, 'f1-score': 0.999000999000999, 'support': 500.0}","{'precision': 1.0, 'recall': 1.0, 'f1-score': 1.0, 'support': 500.0}","{'precision': 1.0, 'recall': 1.0, 'f1-score': 1.0, 'support': 500.0}","{'precision': 0.998003992015968, 'recall': 1.0, 'f1-score': 0.999000999000999, 'support': 500.0}","{'precision': 1.0, 'recall': 0.998, 'f1-score': 0.998998998998999, 'support': 500.0}","{'precision': 1.0, 'recall': 1.0, 'f1-score': 1.0, 'support': 500.0}","{'precision': 0.9979838709677419, 'recall': 0.99, 'f1-score': 0.9939759036144579, 'support': 500.0}","{'precision': 0.9920477137176938, 'recall': 0.998, 'f1-score': 0.9950149551345963, 'support': 500.0}",0.99825,"{'precision': 0.9982549460896715, 'recall': 0.99825, 'f1-score': 0.9982489819687563, 'support': 4000.0}","{'precision': 0.9982549460896715, 'recall': 0.99825, 'f1-score': 0.9982489819687564, 'support': 4000.0}",Saturate severity 3,"[1.0, 1.0, 1.0, 1.0, 0.998, 1.0, 0.99, 0.998]"
"{'precision': 0.9822834645669292, 'recall': 0.998, 'f1-score': 0.9900793650793651, 'support': 500.0}","{'precision': 1.0, 'recall': 0.994, 'f1-score': 0.9969909729187563, 'support': 500.0}","{'precision': 1.0, 'recall': 1.0, 'f1-score': 1.0, 'support': 500.0}","{'precision': 0.9920477137176938, 'recall': 0.998, 'f1-score': 0.9950149551345963, 'support': 500.0}","{'precision': 1.0, 'recall': 0.98, 'f1-score': 0.98989898989899, 'support': 500.0}","{'precision': 0.9940357852882704, 'recall': 1.0, 'f1-score': 0.9970089730807578, 'support': 500.0}","{'precision': 0.9979633401221996, 'recall': 0.98, 'f1-score': 0.9889001009081736, 'support': 500.0}","{'precision': 0.9822834645669292, 'recall': 0.998, 'f1-score': 0.9900793650793651, 'support': 500.0}",0.9935,"{'precision': 0.9935767210327527, 'recall': 0.9935, 'f1-score': 0.9934965902625005, 'support': 4000.0}","{'precision': 0.9935767210327527, 'recall': 0.9935, 'f1-score': 0.9934965902625006, 'support': 4000.0}",Saturate severity 4,"[0.998, 0.994, 1.0, 0.998, 0.98, 1.0, 0.98, 0.998]"
"{'precision': 0.9105839416058394, 'recall': 0.998, 'f1-score': 0.9522900763358778, 'support': 500.0}","{'precision': 1.0, 'recall': 0.97, 'f1-score': 0.9847715736040609, 'support': 500.0}","{'precision': 0.998003992015968, 'recall': 1.0, 'f1-score': 0.999000999000999, 'support': 500.0}","{'precision': 0.9881188118811881, 'recall': 0.998, 'f1-score': 0.9930348258706467, 'support': 500.0}","{'precision': 0.9935760171306209, 'recall': 0.928, 'f1-score': 0.9596690796277145, 'support': 500.0}","{'precision': 0.9880239520958084, 'recall': 0.99, 'f1-score': 0.989010989010989, 'support': 500.0}","{'precision': 0.9856262833675564, 'recall': 0.96, 'f1-score': 0.9726443768996961, 'support': 500.0}","{'precision': 0.9644268774703557, 'recall': 0.976, 'f1-score': 0.9701789264413518, 'support': 500.0}",0.9775,"{'precision': 0.9785449844459171, 'recall': 0.9775, 'f1-score': 0.977575105848917, 'support': 4000.0}","{'precision': 0.9785449844459172, 'recall': 0.9775, 'f1-score': 0.977575105848917, 'support': 4000.0}",Saturate severity 5,"[0.998, 0.97, 1.0, 0.998, 0.928, 0.99, 0.96, 0.976]"
"{'precision': 0.9900596421471173, 'recall': 0.996, 'f1-score': 0.9930209371884346, 'support': 500.0}","{'precision': 1.0, 'recall': 0.984, 'f1-score': 0.9919354838709677, 'support': 500.0}","{'precision': 1.0, 'recall': 1.0, 'f1-score': 1.0, 'support': 500.0}","{'precision': 0.9881422924901185, 'recall': 1.0, 'f1-score': 0.9940357852882704, 'support': 500.0}","{'precision': 0.9899598393574297, 'recall': 0.986, 'f1-score': 0.9879759519038076, 'support': 500.0}","{'precision': 0.998003992015968, 'recall': 1.0, 'f1-score': 0.999000999000999, 'support': 500.0}","{'precision': 0.9686274509803922, 'recall': 0.988, 'f1-score': 0.9782178217821782, 'support': 500.0}","{'precision': 0.9897959183673469, 'recall': 0.97, 'f1-score': 0.9797979797979798, 'support': 500.0}",0.9905,"{'precision': 0.9905736419197966, 'recall': 0.9904999999999999, 'f1-score': 0.9904981198540797, 'support': 4000.0}","{'precision': 0.9905736419197965, 'recall': 0.9905, 'f1-score': 0.9904981198540798, 'support': 4000.0}",Shot Noise severity 1,"[0.996, 0.984, 1.0, 1.0, 0.986, 1.0, 0.988, 0.97]"
"{'precision': 0.9667318982387475, 'recall': 0.988, 'f1-score': 0.9772502472799208, 'support': 500.0}","{'precision': 1.0, 'recall': 0.916, 'f1-score': 0.9561586638830898, 'support': 500.0}","{'precision': 0.9920634920634921, 'recall': 1.0, 'f1-score': 0.9960159362549801, 'support': 500.0}","{'precision': 0.9652509652509652, 'recall': 1.0, 'f1-score': 0.9823182711198428, 'support': 500.0}","{'precision': 0.9548133595284872, 'recall': 0.972, 'f1-score': 0.9633300297324083, 'support': 500.0}","{'precision': 0.9920318725099602, 'recall': 0.996, 'f1-score': 0.9940119760479041, 'support': 500.0}","{'precision': 0.9354838709677419, 'recall': 0.986, 'f1-score': 0.9600778967867576, 'support': 500.0}","{'precision': 0.9872611464968153, 'recall': 0.93, 'f1-score': 0.9577754891864058, 'support': 500.0}",0.9735,"{'precision': 0.9742045756320261, 'recall': 0.9735, 'f1-score': 0.9733673137864136, 'support': 4000.0}","{'precision': 0.9742045756320261, 'recall': 0.9735, 'f1-score': 0.9733673137864136, 'support': 4000.0}",Shot Noise severity 2,"[0.988, 0.916, 1.0, 1.0, 0.972, 0.996, 0.986, 0.93]"
"{'precision': 0.936046511627907, 'recall': 0.966, 'f1-score': 0.9507874015748031, 'support': 500.0}","{'precision': 0.9977011494252873, 'recall': 0.868, 'f1-score': 0.9283422459893048, 'support': 500.0}","{'precision': 0.9940357852882704, 'recall': 1.0, 'f1-score': 0.9970089730807578, 'support': 500.0}","{'precision': 0.8561643835616438, 'recall': 1.0, 'f1-score': 0.922509225092251, 'support': 500.0}","{'precision': 0.9557109557109557, 'recall': 0.82, 'f1-score': 0.8826695371367062, 'support': 500.0}","{'precision': 0.9915254237288136, 'recall': 0.936, 'f1-score': 0.9629629629629629, 'support': 500.0}","{'precision': 0.8614035087719298, 'recall': 0.982, 'f1-score': 0.9177570093457944, 'support': 500.0}","{'precision': 0.9022403258655805, 'recall': 0.886, 'f1-score': 0.8940464177598385, 'support': 500.0}",0.93225,"{'precision': 0.9368535054975484, 'recall': 0.93225, 'f1-score': 0.9320104716178024, 'support': 4000.0}","{'precision': 0.9368535054975485, 'recall': 0.93225, 'f1-score': 0.9320104716178023, 'support': 4000.0}",Shot Noise severity 3,"[0.966, 0.868, 1.0, 1.0, 0.82, 0.936, 0.982, 0.886]"
"{'precision': 0.9318637274549099, 'recall': 0.93, 'f1-score': 0.9309309309309309, 'support': 500.0}","{'precision': 1.0, 'recall': 0.834, 'f1-score': 0.9094874591057798, 'support': 500.0}","{'precision': 0.9960159362549801, 'recall': 1.0, 'f1-score': 0.998003992015968, 'support': 500.0}","{'precision': 0.7874015748031497, 'recall': 1.0, 'f1-score': 0.8810572687224669, 'support': 500.0}","{'precision': 0.9538461538461539, 'recall': 0.744, 'f1-score': 0.8359550561797753, 'support': 500.0}","{'precision': 0.9789227166276346, 'recall': 0.836, 'f1-score': 0.9018338727076591, 'support': 500.0}","{'precision': 0.7884615384615384, 'recall': 0.984, 'f1-score': 0.8754448398576512, 'support': 500.0}","{'precision': 0.849802371541502, 'recall': 0.86, 'f1-score': 0.8548707753479126, 'support': 500.0}",0.8985,"{'precision': 0.9107892523737335, 'recall': 0.8985000000000001, 'f1-score': 0.898448024358518, 'support': 4000.0}","{'precision': 0.9107892523737334, 'recall': 0.8985, 'f1-score': 0.8984480243585181, 'support': 4000.0}",Shot Noise severity 4,"[0.93, 0.834, 1.0, 1.0, 0.744, 0.836, 0.984, 0.86]"
"{'precision': 0.9506437768240343, 'recall': 0.886, 'f1-score': 0.917184265010352, 'support': 500.0}","{'precision': 0.9976580796252927, 'recall': 0.852, 'f1-score': 0.919093851132686, 'support': 500.0}","{'precision': 1.0, 'recall': 1.0, 'f1-score': 1.0, 'support': 500.0}","{'precision': 0.7320644216691069, 'recall': 1.0, 'f1-score': 0.8453085376162299, 'support': 500.0}","{'precision': 0.9625, 'recall': 0.616, 'f1-score': 0.751219512195122, 'support': 500.0}","{'precision': 0.9684542586750788, 'recall': 0.614, 'f1-score': 0.7515299877600979, 'support': 500.0}","{'precision': 0.6625850340136055, 'recall': 0.974, 'f1-score': 0.7886639676113361, 'support': 500.0}","{'precision': 0.7572463768115942, 'recall': 0.836, 'f1-score': 0.7946768060836502, 'support': 500.0}",0.84725,"{'precision': 0.8788939934523391, 'recall': 0.8472500000000001, 'f1-score': 0.8459596159261842, 'support': 4000.0}","{'precision': 0.878893993452339, 'recall': 0.84725, 'f1-score': 0.8459596159261843, 'support': 4000.0}",Shot Noise severity 5,"[0.886, 0.852, 1.0, 1.0, 0.616, 0.614, 0.974, 0.836]"
"{'precision': 0.9704724409448819, 'recall': 0.986, 'f1-score': 0.9781746031746031, 'support': 500.0}","{'precision': 0.9821428571428571, 'recall': 0.99, 'f1-score': 0.9860557768924303, 'support': 500.0}","{'precision': 1.0, 'recall': 1.0, 'f1-score': 1.0, 'support': 500.0}","{'precision': 1.0, 'recall': 0.994, 'f1-score': 0.9969909729187563, 'support': 500.0}","{'precision': 0.9934924078091106, 'recall': 0.916, 'f1-score': 0.9531737773152965, 'support': 500.0}","{'precision': 0.9978354978354979, 'recall': 0.922, 'f1-score': 0.9584199584199584, 'support': 500.0}","{'precision': 0.8880733944954129, 'recall': 0.968, 'f1-score': 0.9263157894736842, 'support': 500.0}","{'precision': 0.8910133843212237, 'recall': 0.932, 'f1-score': 0.9110459433040078, 'support': 500.0}",0.9635,"{'precision': 0.965378747818623, 'recall': 0.9635, 'f1-score': 0.963772102687342, 'support': 4000.0}","{'precision': 0.965378747818623, 'recall': 0.9635, 'f1-score': 0.9637721026873421, 'support': 4000.0}",Snow severity 1,"[0.986, 0.99, 1.0, 0.994, 0.916, 0.922, 0.968, 0.932]"
"{'precision': 1.0, 'recall': 0.668, 'f1-score': 0.8009592326139089, 'support': 500.0}","{'precision': 0.7345132743362832, 'recall': 0.996, 'f1-score': 0.8455008488964346, 'support': 500.0}","{'precision': 1.0, 'recall': 0.982, 'f1-score': 0.9909182643794148, 'support': 500.0}","{'precision': 0.9960159362549801, 'recall': 1.0, 'f1-score': 0.998003992015968, 'support': 500.0}","{'precision': 0.959375, 'recall': 0.614, 'f1-score': 0.748780487804878, 'support': 500.0}","{'precision': 0.9727272727272728, 'recall': 0.856, 'f1-score': 0.9106382978723404, 'support': 500.0}","{'precision': 0.8134057971014492, 'recall': 0.898, 'f1-score': 0.8536121673003803, 'support': 500.0}","{'precision': 0.6837481698389458, 'recall': 0.934, 'f1-score': 0.7895181741335587, 'support': 500.0}",0.8685,"{'precision': 0.8949731812823664, 'recall': 0.8685, 'f1-score': 0.8672414331271106, 'support': 4000.0}","{'precision': 0.8949731812823664, 'recall': 0.8685, 'f1-score': 0.8672414331271104, 'support': 4000.0}",Snow severity 2,"[0.668, 0.996, 0.982, 1.0, 0.614, 0.856, 0.898, 0.934]"
"{'precision': 0.9942528735632183, 'recall': 0.692, 'f1-score': 0.8160377358490566, 'support': 500.0}","{'precision': 0.7980769230769231, 'recall': 0.996, 'f1-score': 0.8861209964412812, 'support': 500.0}","{'precision': 1.0, 'recall': 0.998, 'f1-score': 0.998998998998999, 'support': 500.0}","{'precision': 1.0, 'recall': 0.988, 'f1-score': 0.993963782696177, 'support': 500.0}","{'precision': 0.9736842105263158, 'recall': 0.37, 'f1-score': 0.5362318840579711, 'support': 500.0}","{'precision': 0.9719887955182073, 'recall': 0.694, 'f1-score': 0.809801633605601, 'support': 500.0}","{'precision': 0.6430555555555556, 'recall': 0.926, 'f1-score': 0.759016393442623, 'support': 500.0}","{'precision': 0.5651041666666666, 'recall': 0.868, 'f1-score': 0.6845425867507886, 'support': 500.0}",0.8165,"{'precision': 0.8682703156133609, 'recall': 0.8165, 'f1-score': 0.8105892514803122, 'support': 4000.0}","{'precision': 0.8682703156133609, 'recall': 0.8165, 'f1-score': 0.8105892514803122, 'support': 4000.0}",Snow severity 3,"[0.692, 0.996, 0.998, 0.988, 0.37, 0.694, 0.926, 0.868]"
"{'precision': 0.9840425531914894, 'recall': 0.37, 'f1-score': 0.5377906976744186, 'support': 500.0}","{'precision': 0.8223350253807107, 'recall': 0.972, 'f1-score': 0.8909257561869844, 'support': 500.0}","{'precision': 1.0, 'recall': 0.984, 'f1-score': 0.9919354838709677, 'support': 500.0}","{'precision': 0.9956989247311828, 'recall': 0.926, 'f1-score': 0.9595854922279793, 'support': 500.0}","{'precision': 0.9457364341085271, 'recall': 0.244, 'f1-score': 0.38791732909379967, 'support': 500.0}","{'precision': 0.8891820580474934, 'recall': 0.674, 'f1-score': 0.7667804323094426, 'support': 500.0}","{'precision': 0.6269430051813472, 'recall': 0.726, 'f1-score': 0.6728452270620945, 'support': 500.0}","{'precision': 0.3746813933729822, 'recall': 0.882, 'f1-score': 0.5259391771019678, 'support': 500.0}",0.72225,"{'precision': 0.8298274242517165, 'recall': 0.7222500000000001, 'f1-score': 0.7167149494409568, 'support': 4000.0}","{'precision': 0.8298274242517166, 'recall': 0.72225, 'f1-score': 0.7167149494409568, 'support': 4000.0}",Snow severity 4,"[0.37, 0.972, 0.984, 0.926, 0.244, 0.674, 0.726, 0.882]"
"{'precision': 0.9581589958158996, 'recall': 0.458, 'f1-score': 0.6197564276048715, 'support': 500.0}","{'precision': 0.9072978303747534, 'recall': 0.92, 'f1-score': 0.913604766633565, 'support': 500.0}","{'precision': 1.0, 'recall': 0.976, 'f1-score': 0.9878542510121457, 'support': 500.0}","{'precision': 0.9954337899543378, 'recall': 0.872, 'f1-score': 0.929637526652452, 'support': 500.0}","{'precision': 0.9444444444444444, 'recall': 0.442, 'f1-score': 0.6021798365122616, 'support': 500.0}","{'precision': 0.6994047619047619, 'recall': 0.94, 'f1-score': 0.8020477815699659, 'support': 500.0}","{'precision': 0.8522727272727273, 'recall': 0.45, 'f1-score': 0.5890052356020943, 'support': 500.0}","{'precision': 0.39810017271157166, 'recall': 0.922, 'f1-score': 0.5560916767189384, 'support': 500.0}",0.7475,"{'precision': 0.8443890903098119, 'recall': 0.7475, 'f1-score': 0.7500221877882869, 'support': 4000.0}","{'precision': 0.844389090309812, 'recall': 0.7475, 'f1-score': 0.7500221877882868, 'support': 4000.0}",Snow severity 5,"[0.458, 0.92, 0.976, 0.872, 0.442, 0.94, 0.45, 0.922]"
"{'precision': 0.9191176470588235, 'recall': 1.0, 'f1-score': 0.9578544061302682, 'support': 500.0}","{'precision': 1.0, 'recall': 0.984, 'f1-score': 0.9919354838709677, 'support': 500.0}","{'precision': 1.0, 'recall': 1.0, 'f1-score': 1.0, 'support': 500.0}","{'precision': 1.0, 'recall': 0.998, 'f1-score': 0.998998998998999, 'support': 500.0}","{'precision': 1.0, 'recall': 0.936, 'f1-score': 0.9669421487603306, 'support': 500.0}","{'precision': 1.0, 'recall': 0.966, 'f1-score': 0.982706002034588, 'support': 500.0}","{'precision': 0.9089253187613844, 'recall': 0.998, 'f1-score': 0.9513822688274547, 'support': 500.0}","{'precision': 0.9913978494623656, 'recall': 0.922, 'f1-score': 0.9554404145077721, 'support': 500.0}",0.9755,"{'precision': 0.9774301019103216, 'recall': 0.9755, 'f1-score': 0.9756574653912975, 'support': 4000.0}","{'precision': 0.9774301019103216, 'recall': 0.9755, 'f1-score': 0.9756574653912976, 'support': 4000.0}",Spatter severity 1,"[1.0, 0.984, 1.0, 0.998, 0.936, 0.966, 0.998, 0.922]"
"{'precision': 0.9199255121042831, 'recall': 0.988, 'f1-score': 0.95274831243973, 'support': 500.0}","{'precision': 0.9979633401221996, 'recall': 0.98, 'f1-score': 0.9889001009081736, 'support': 500.0}","{'precision': 1.0, 'recall': 1.0, 'f1-score': 1.0, 'support': 500.0}","{'precision': 1.0, 'recall': 0.972, 'f1-score': 0.9858012170385395, 'support': 500.0}","{'precision': 0.9933184855233853, 'recall': 0.892, 'f1-score': 0.9399367755532139, 'support': 500.0}","{'precision': 0.9974747474747475, 'recall': 0.79, 'f1-score': 0.8816964285714286, 'support': 500.0}","{'precision': 0.6289308176100629, 'recall': 1.0, 'f1-score': 0.7722007722007722, 'support': 500.0}","{'precision': 0.9942196531791907, 'recall': 0.688, 'f1-score': 0.8132387706855791, 'support': 500.0}",0.91375,"{'precision': 0.9414790695017337, 'recall': 0.9137500000000001, 'f1-score': 0.9168152971746797, 'support': 4000.0}","{'precision': 0.9414790695017337, 'recall': 0.91375, 'f1-score': 0.9168152971746797, 'support': 4000.0}",Spatter severity 2,"[0.988, 0.98, 1.0, 0.972, 0.892, 0.79, 1.0, 0.688]"
"{'precision': 0.8563327032136105, 'recall': 0.906, 'f1-score': 0.880466472303207, 'support': 500.0}","{'precision': 0.8554216867469879, 'recall': 0.994, 'f1-score': 0.9195189639222942, 'support': 500.0}","{'precision': 1.0, 'recall': 1.0, 'f1-score': 1.0, 'support': 500.0}","{'precision': 1.0, 'recall': 0.896, 'f1-score': 0.9451476793248945, 'support': 500.0}","{'precision': 0.9922779922779923, 'recall': 0.514, 'f1-score': 0.6772068511198946, 'support': 500.0}","{'precision': 0.985, 'recall': 0.394, 'f1-score': 0.5628571428571428, 'support': 500.0}","{'precision': 0.4415929203539823, 'recall': 0.998, 'f1-score': 0.6122699386503068, 'support': 500.0}","{'precision': 0.8583569405099151, 'recall': 0.606, 'f1-score': 0.7104337631887456, 'support': 500.0}",0.7885,"{'precision': 0.8736227803878109, 'recall': 0.7885, 'f1-score': 0.7884876014208106, 'support': 4000.0}","{'precision': 0.8736227803878109, 'recall': 0.7885, 'f1-score': 0.7884876014208108, 'support': 4000.0}",Spatter severity 3,"[0.906, 0.994, 1.0, 0.896, 0.514, 0.394, 0.998, 0.606]"
"{'precision': 0.513874614594039, 'recall': 1.0, 'f1-score': 0.6788866259334692, 'support': 500.0}","{'precision': 0.9842931937172775, 'recall': 0.752, 'f1-score': 0.8526077097505669, 'support': 500.0}","{'precision': 1.0, 'recall': 1.0, 'f1-score': 1.0, 'support': 500.0}","{'precision': 0.9977924944812362, 'recall': 0.904, 'f1-score': 0.9485834207764953, 'support': 500.0}","{'precision': 0.9375, 'recall': 0.78, 'f1-score': 0.851528384279476, 'support': 500.0}","{'precision': 1.0, 'recall': 0.492, 'f1-score': 0.6595174262734584, 'support': 500.0}","{'precision': 0.9770114942528736, 'recall': 0.85, 'f1-score': 0.9090909090909091, 'support': 500.0}","{'precision': 0.8168067226890756, 'recall': 0.972, 'f1-score': 0.8876712328767123, 'support': 500.0}",0.84375,"{'precision': 0.9034098149668128, 'recall': 0.84375, 'f1-score': 0.8484857136226358, 'support': 4000.0}","{'precision': 0.9034098149668127, 'recall': 0.84375, 'f1-score': 0.8484857136226359, 'support': 4000.0}",Spatter severity 4,"[1.0, 0.752, 1.0, 0.904, 0.78, 0.492, 0.85, 0.972]"
"{'precision': 0.5882352941176471, 'recall': 1.0, 'f1-score': 0.7407407407407407, 'support': 500.0}","{'precision': 0.9242761692650334, 'recall': 0.83, 'f1-score': 0.8746048472075869, 'support': 500.0}","{'precision': 1.0, 'recall': 1.0, 'f1-score': 1.0, 'support': 500.0}","{'precision': 0.9976415094339622, 'recall': 0.846, 'f1-score': 0.9155844155844156, 'support': 500.0}","{'precision': 0.9281914893617021, 'recall': 0.698, 'f1-score': 0.7968036529680366, 'support': 500.0}","{'precision': 1.0, 'recall': 0.52, 'f1-score': 0.6842105263157895, 'support': 500.0}","{'precision': 0.9722921914357683, 'recall': 0.772, 'f1-score': 0.8606465997770345, 'support': 500.0}","{'precision': 0.6599462365591398, 'recall': 0.982, 'f1-score': 0.7893890675241158, 'support': 500.0}",0.831,"{'precision': 0.8838228612716567, 'recall': 0.831, 'f1-score': 0.832747481264715, 'support': 4000.0}","{'precision': 0.8838228612716567, 'recall': 0.831, 'f1-score': 0.8327474812647149, 'support': 4000.0}",Spatter severity 5,"[1.0, 0.83, 1.0, 0.846, 0.698, 0.52, 0.772, 0.982]"
"{'precision': 0.9900596421471173, 'recall': 0.996, 'f1-score': 0.9930209371884346, 'support': 500.0}","{'precision': 1.0, 'recall': 0.964, 'f1-score': 0.9816700610997964, 'support': 500.0}","{'precision': 1.0, 'recall': 1.0, 'f1-score': 1.0, 'support': 500.0}","{'precision': 0.9861932938856016, 'recall': 1.0, 'f1-score': 0.9930486593843099, 'support': 500.0}","{'precision': 0.9724409448818898, 'recall': 0.988, 'f1-score': 0.9801587301587301, 'support': 500.0}","{'precision': 0.998003992015968, 'recall': 1.0, 'f1-score': 0.999000999000999, 'support': 500.0}","{'precision': 0.9592233009708738, 'recall': 0.988, 'f1-score': 0.9733990147783251, 'support': 500.0}","{'precision': 0.9896694214876033, 'recall': 0.958, 'f1-score': 0.9735772357723578, 'support': 500.0}",0.98675,"{'precision': 0.9869488244236317, 'recall': 0.98675, 'f1-score': 0.9867344546728691, 'support': 4000.0}","{'precision': 0.9869488244236317, 'recall': 0.98675, 'f1-score': 0.9867344546728691, 'support': 4000.0}",Speckle Noise severity 1,"[0.996, 0.964, 1.0, 1.0, 0.988, 1.0, 0.988, 0.958]"
"{'precision': 0.9496124031007752, 'recall': 0.98, 'f1-score': 0.9645669291338582, 'support': 500.0}","{'precision': 1.0, 'recall': 0.892, 'f1-score': 0.9429175475687104, 'support': 500.0}","{'precision': 0.9960159362549801, 'recall': 1.0, 'f1-score': 0.998003992015968, 'support': 500.0}","{'precision': 0.9398496240601504, 'recall': 1.0, 'f1-score': 0.9689922480620154, 'support': 500.0}","{'precision': 0.945010183299389, 'recall': 0.928, 'f1-score': 0.9364278506559032, 'support': 500.0}","{'precision': 0.9822834645669292, 'recall': 0.998, 'f1-score': 0.9900793650793651, 'support': 500.0}","{'precision': 0.9320754716981132, 'recall': 0.988, 'f1-score': 0.9592233009708738, 'support': 500.0}","{'precision': 0.9726315789473684, 'recall': 0.924, 'f1-score': 0.9476923076923077, 'support': 500.0}",0.96375,"{'precision': 0.9646848327409632, 'recall': 0.96375, 'f1-score': 0.9634879426473753, 'support': 4000.0}","{'precision': 0.9646848327409632, 'recall': 0.96375, 'f1-score': 0.9634879426473753, 'support': 4000.0}",Speckle Noise severity 2,"[0.98, 0.892, 1.0, 1.0, 0.928, 0.998, 0.988, 0.924]"
"{'precision': 0.9504950495049505, 'recall': 0.96, 'f1-score': 0.9552238805970149, 'support': 500.0}","{'precision': 1.0, 'recall': 0.896, 'f1-score': 0.9451476793248945, 'support': 500.0}","{'precision': 0.9960159362549801, 'recall': 1.0, 'f1-score': 0.998003992015968, 'support': 500.0}","{'precision': 0.9124087591240876, 'recall': 1.0, 'f1-score': 0.9541984732824428, 'support': 500.0}","{'precision': 0.951063829787234, 'recall': 0.894, 'f1-score': 0.9216494845360824, 'support': 500.0}","{'precision': 0.9860557768924303, 'recall': 0.99, 'f1-score': 0.9880239520958084, 'support': 500.0}","{'precision': 0.9144981412639405, 'recall': 0.984, 'f1-score': 0.9479768786127167, 'support': 500.0}","{'precision': 0.9425051334702259, 'recall': 0.918, 'f1-score': 0.9300911854103343, 'support': 500.0}",0.95525,"{'precision': 0.956630328287231, 'recall': 0.9552499999999999, 'f1-score': 0.9550394407344078, 'support': 4000.0}","{'precision': 0.9566303282872312, 'recall': 0.95525, 'f1-score': 0.9550394407344079, 'support': 4000.0}",Speckle Noise severity 3,"[0.96, 0.896, 1.0, 1.0, 0.894, 0.99, 0.984, 0.918]"
"{'precision': 0.9637526652452025, 'recall': 0.904, 'f1-score': 0.932920536635707, 'support': 500.0}","{'precision': 0.9977011494252873, 'recall': 0.868, 'f1-score': 0.9283422459893048, 'support': 500.0}","{'precision': 0.998003992015968, 'recall': 1.0, 'f1-score': 0.999000999000999, 'support': 500.0}","{'precision': 0.8077544426494345, 'recall': 1.0, 'f1-score': 0.8936550491510277, 'support': 500.0}","{'precision': 0.9502617801047121, 'recall': 0.726, 'f1-score': 0.8231292517006803, 'support': 500.0}","{'precision': 0.9806034482758621, 'recall': 0.91, 'f1-score': 0.9439834024896265, 'support': 500.0}","{'precision': 0.8316326530612245, 'recall': 0.978, 'f1-score': 0.8988970588235294, 'support': 500.0}","{'precision': 0.8136531365313653, 'recall': 0.882, 'f1-score': 0.8464491362763915, 'support': 500.0}",0.9085,"{'precision': 0.9179204084136321, 'recall': 0.9085000000000001, 'f1-score': 0.9082972100084084, 'support': 4000.0}","{'precision': 0.917920408413632, 'recall': 0.9085, 'f1-score': 0.9082972100084082, 'support': 4000.0}",Speckle Noise severity 4,"[0.904, 0.868, 1.0, 1.0, 0.726, 0.91, 0.978, 0.882]"
"{'precision': 0.9641148325358851, 'recall': 0.806, 'f1-score': 0.8779956427015251, 'support': 500.0}","{'precision': 1.0, 'recall': 0.832, 'f1-score': 0.9082969432314411, 'support': 500.0}","{'precision': 1.0, 'recall': 1.0, 'f1-score': 1.0, 'support': 500.0}","{'precision': 0.7204610951008645, 'recall': 1.0, 'f1-score': 0.8375209380234506, 'support': 500.0}","{'precision': 0.9430379746835443, 'recall': 0.596, 'f1-score': 0.7303921568627451, 'support': 500.0}","{'precision': 0.952247191011236, 'recall': 0.678, 'f1-score': 0.7920560747663551, 'support': 500.0}","{'precision': 0.680731364275668, 'recall': 0.968, 'f1-score': 0.7993393889347646, 'support': 500.0}","{'precision': 0.7147707979626485, 'recall': 0.842, 'f1-score': 0.7731864095500459, 'support': 500.0}",0.84025,"{'precision': 0.8719204069462307, 'recall': 0.8402499999999999, 'f1-score': 0.8398484442587909, 'support': 4000.0}","{'precision': 0.8719204069462309, 'recall': 0.84025, 'f1-score': 0.839848444258791, 'support': 4000.0}",Speckle Noise severity 5,"[0.806, 0.832, 1.0, 1.0, 0.596, 0.678, 0.968, 0.842]"
"{'precision': 0.9940357852882704, 'recall': 1.0, 'f1-score': 0.9970089730807578, 'support': 500.0}","{'precision': 1.0, 'recall': 0.998, 'f1-score': 0.998998998998999, 'support': 500.0}","{'precision': 1.0, 'recall': 1.0, 'f1-score': 1.0, 'support': 500.0}","{'precision': 0.9920634920634921, 'recall': 1.0, 'f1-score': 0.9960159362549801, 'support': 500.0}","{'precision': 0.9979838709677419, 'recall': 0.99, 'f1-score': 0.9939759036144579, 'support': 500.0}","{'precision': 0.998003992015968, 'recall': 1.0, 'f1-score': 0.999000999000999, 'support': 500.0}","{'precision': 0.9979035639412998, 'recall': 0.952, 'f1-score': 0.9744114636642784, 'support': 500.0}","{'precision': 0.9576923076923077, 'recall': 0.996, 'f1-score': 0.9764705882352941, 'support': 500.0}",0.992,"{'precision': 0.992210376496135, 'recall': 0.992, 'f1-score': 0.9919853578562208, 'support': 4000.0}","{'precision': 0.9922103764961351, 'recall': 0.992, 'f1-score': 0.9919853578562209, 'support': 4000.0}",Zoom Blur severity 1,"[1.0, 0.998, 1.0, 1.0, 0.99, 1.0, 0.952, 0.996]"
"{'precision': 0.9803921568627451, 'recall': 1.0, 'f1-score': 0.9900990099009901, 'support': 500.0}","{'precision': 1.0, 'recall': 0.976, 'f1-score': 0.9878542510121457, 'support': 500.0}","{'precision': 0.9960159362549801, 'recall': 1.0, 'f1-score': 0.998003992015968, 'support': 500.0}","{'precision': 0.9900793650793651, 'recall': 0.998, 'f1-score': 0.9940239043824701, 'support': 500.0}","{'precision': 0.9959016393442623, 'recall': 0.972, 'f1-score': 0.9838056680161943, 'support': 500.0}","{'precision': 0.9541984732824428, 'recall': 1.0, 'f1-score': 0.9765625, 'support': 500.0}","{'precision': 0.9975669099756691, 'recall': 0.82, 'f1-score': 0.9001097694840834, 'support': 500.0}","{'precision': 0.8464223385689355, 'recall': 0.97, 'f1-score': 0.9040074557315937, 'support': 500.0}",0.967,"{'precision': 0.97007210242105, 'recall': 0.9670000000000001, 'f1-score': 0.9668083188179306, 'support': 4000.0}","{'precision': 0.97007210242105, 'recall': 0.967, 'f1-score': 0.9668083188179307, 'support': 4000.0}",Zoom Blur severity 2,"[1.0, 0.976, 1.0, 0.998, 0.972, 1.0, 0.82, 0.97]"
"{'precision': 0.9217877094972067, 'recall': 0.99, 'f1-score': 0.9546769527483124, 'support': 500.0}","{'precision': 0.9935064935064936, 'recall': 0.918, 'f1-score': 0.9542619542619543, 'support': 500.0}","{'precision': 0.9920634920634921, 'recall': 1.0, 'f1-score': 0.9960159362549801, 'support': 500.0}","{'precision': 0.9842209072978304, 'recall': 0.998, 'f1-score': 0.9910625620655412, 'support': 500.0}","{'precision': 0.9915611814345991, 'recall': 0.94, 'f1-score': 0.9650924024640657, 'support': 500.0}","{'precision': 0.8863232682060391, 'recall': 0.998, 'f1-score': 0.9388523047977423, 'support': 500.0}","{'precision': 0.9947643979057592, 'recall': 0.76, 'f1-score': 0.8616780045351474, 'support': 500.0}","{'precision': 0.8161120840630472, 'recall': 0.932, 'f1-score': 0.8702147525676938, 'support': 500.0}",0.942,"{'precision': 0.9475424417468085, 'recall': 0.942, 'f1-score': 0.9414818587119296, 'support': 4000.0}","{'precision': 0.9475424417468085, 'recall': 0.942, 'f1-score': 0.9414818587119297, 'support': 4000.0}",Zoom Blur severity 3,"[0.99, 0.918, 1.0, 0.998, 0.94, 0.998, 0.76, 0.932]"
"{'precision': 0.8415672913117547, 'recall': 0.988, 'f1-score': 0.9089236430542779, 'support': 500.0}","{'precision': 0.9771689497716894, 'recall': 0.856, 'f1-score': 0.9125799573560768, 'support': 500.0}","{'precision': 0.9803921568627451, 'recall': 1.0, 'f1-score': 0.9900990099009901, 'support': 500.0}","{'precision': 0.9861660079051383, 'recall': 0.998, 'f1-score': 0.9920477137176938, 'support': 500.0}","{'precision': 0.9848156182212582, 'recall': 0.908, 'f1-score': 0.9448491155046826, 'support': 500.0}","{'precision': 0.8429054054054054, 'recall': 0.998, 'f1-score': 0.9139194139194139, 'support': 500.0}","{'precision': 0.9910979228486647, 'recall': 0.668, 'f1-score': 0.7980884109916367, 'support': 500.0}","{'precision': 0.7820738137082601, 'recall': 0.89, 'f1-score': 0.8325537885874649, 'support': 500.0}",0.91325,"{'precision': 0.9232733957543645, 'recall': 0.91325, 'f1-score': 0.9116326316290295, 'support': 4000.0}","{'precision': 0.9232733957543644, 'recall': 0.91325, 'f1-score': 0.9116326316290295, 'support': 4000.0}",Zoom Blur severity 4,"[0.988, 0.856, 1.0, 0.998, 0.908, 0.998, 0.668, 0.89]"
"{'precision': 0.7380952380952381, 'recall': 0.992, 'f1-score': 0.8464163822525598, 'support': 500.0}","{'precision': 0.9124423963133641, 'recall': 0.792, 'f1-score': 0.8479657387580299, 'support': 500.0}","{'precision': 0.9727626459143969, 'recall': 1.0, 'f1-score': 0.9861932938856016, 'support': 500.0}","{'precision': 0.9822834645669292, 'recall': 0.998, 'f1-score': 0.9900793650793651, 'support': 500.0}","{'precision': 0.9456521739130435, 'recall': 0.87, 'f1-score': 0.90625, 'support': 500.0}","{'precision': 0.7722308892355694, 'recall': 0.99, 'f1-score': 0.8676599474145487, 'support': 500.0}","{'precision': 0.9888888888888889, 'recall': 0.534, 'f1-score': 0.6935064935064935, 'support': 500.0}","{'precision': 0.7365269461077845, 'recall': 0.738, 'f1-score': 0.7372627372627373, 'support': 500.0}",0.86425,"{'precision': 0.8811103303794019, 'recall': 0.86425, 'f1-score': 0.859416744769917, 'support': 4000.0}","{'precision': 0.8811103303794018, 'recall': 0.86425, 'f1-score': 0.8594167447699169, 'support': 4000.0}",Zoom Blur severity 5,"[0.992, 0.792, 1.0, 0.998, 0.87, 0.99, 0.534, 0.738]"
